MODIFIED_ZCTA,zipcode,Apr-Positive,Apr-Total Tests,Apr-Percent Positive,Apr-Increase of Pos,Apr-Rate of Increase,May-Positive,May-Total Tests,May-Percent Positive,May-Increase of Pos,May-Rate of Increase,Jun-Positive,Jun-Total Tests,Jun-Percent Positive,Jun-Increase of Pos,Jun-Rate of Increase,Jul-Positive,Jul-Total Tests,Jul-Percent Positive,Jul-Increase of Pos,Jul-Rate of Increase,Aug-Positive,Aug-Total Tests,Aug-Percent Positive,Aug-Increase of Pos,Aug-Rate of Increase,Sep-Positive,Sep-Total Tests,Sep-Percent Positive,Sep-Increase of Pos,Sep-Rate of Increase,Oct-Positive,Oct-Total Tests,Oct-Percent Positive,Oct-Increase of Pos,Oct-Rate of Increase,Nov-Positive,Nov-Total Tests,Nov-Percent Positive,Nov-Increase of Pos,Nov-Rate of Increase
10001,10001,238,502,47.41,,,329,1314,25.04,91,0.38235294117647056,381,3196,11.92,52,0.1580547112462006,410,5016,8.17,29,0.07611548556430446,433,7165,6.04,23,0.05609756097560976,455,7746,5.87,22,0.050808314087759814,466,9739,4.78,11,0.024175824175824177,530,11362,4.11,64,0.13733905579399142
10002,10002,645,1203,53.62,,,965,2766,34.89,320,0.49612403100775193,1077,6497,16.58,112,0.11606217616580311,1199,10449,11.47,122,0.11327762302692665,1305,15105,8.64,106,0.0884070058381985,1352,19767,6.84,47,0.03601532567049808,1421,23960,5.93,69,0.05103550295857988,1583,27538,5.71,162,0.11400422237860662
10003,10003,323,759,42.56,,,425,1841,23.09,102,0.3157894736842105,458,5057,9.06,33,0.07764705882352942,497,8052,6.17,39,0.0851528384279476,525,11750,4.47,28,0.056338028169014086,570,18085,3.15,45,0.08571428571428572,643,23673,2.72,73,0.1280701754385965,802,28339,2.75,159,0.24727838258164853
10004,10004,23,60,38.33,,,28,117,23.93,5,0.21739130434782608,32,330,9.7,4,0.14285714285714285,36,547,6.58,4,0.125,39,807,4.83,3,0.08333333333333333,43,946,4.55,4,0.10256410256410256,54,1272,4.25,11,0.2558139534883721,61,1692,3.49,7,0.12962962962962962
10005,10005,41,126,32.54,,,56,315,17.78,15,0.36585365853658536,64,736,8.7,8,0.14285714285714285,75,1245,6.02,11,0.171875,91,1915,4.75,16,0.21333333333333335,103,2382,4.32,12,0.13186813186813187,119,3063,3.89,16,0.1553398058252427,132,3574,3.44,13,0.1092436974789916
10006,10006,12,49,24.49,,,23,130,17.69,11,0.9166666666666666,26,342,7.6,3,0.13043478260869565,34,572,5.94,8,0.3076923076923077,39,845,4.62,5,0.14705882352941177,46,959,4.8,7,0.1794871794871795,50,1193,4.19,4,0.08695652173913043,56,1397,3.94,6,0.12
10007,10007,35,115,30.43,,,50,294,17.01,15,0.42857142857142855,62,794,7.81,12,0.24,67,1330,5.04,5,0.08064516129032258,72,1956,3.68,5,0.07462686567164178,74,2421,3.06,2,0.027777777777777776,86,3061,2.81,12,0.16216216216216217,104,3553,2.56,18,0.20930232558139536
10009,10009,470,1041,45.15,,,651,2421,26.89,181,0.3851063829787234,708,6121,11.57,57,0.08755760368663594,764,9239,8.27,56,0.07909604519774012,825,13616,6.06,61,0.07984293193717278,868,17923,4.84,43,0.052121212121212124,927,21914,4.23,59,0.06797235023041474,1062,25278,4.18,135,0.14563106796116504
10010,10010,188,506,37.15,,,250,1366,18.3,62,0.32978723404255317,271,3615,7.5,21,0.084,300,5520,5.43,29,0.1070110701107011,328,7763,4.23,28,0.09333333333333334,355,10586,3.35,27,0.08231707317073171,392,13683,2.86,37,0.10422535211267606,468,16753,3.15,76,0.19387755102040816
10011,10011,375,787,47.65,,,488,1900,25.68,113,0.30133333333333334,527,5237,10.06,39,0.07991803278688525,563,8332,6.76,36,0.0683111954459203,613,12032,5.09,50,0.08880994671403197,650,15745,4.13,37,0.06035889070146819,695,19813,3.51,45,0.06923076923076923,850,23037,3.65,155,0.22302158273381295
10012,10012,109,307,35.5,,,155,681,22.76,46,0.42201834862385323,165,1989,8.3,10,0.06451612903225806,184,3285,5.6,19,0.11515151515151516,213,5022,4.24,29,0.15760869565217392,234,7574,3.09,21,0.09859154929577464,273,9891,2.76,39,0.16666666666666666,366,11701,3.12,93,0.34065934065934067
10013,10013,167,385,43.38,,,245,1042,23.51,78,0.46706586826347307,265,2863,9.26,20,0.08163265306122448,295,4971,5.93,30,0.11320754716981132,323,7371,4.38,28,0.09491525423728814,335,9924,3.38,12,0.03715170278637771,356,12380,2.88,21,0.0626865671641791,415,14171,2.76,59,0.16573033707865167
10014,10014,223,485,45.98,,,278,1097,25.34,55,0.24663677130044842,309,3339,9.25,31,0.11151079136690648,344,5582,6.16,35,0.11326860841423948,373,8074,4.62,29,0.08430232558139535,391,10308,3.79,18,0.04825737265415549,431,13016,3.31,40,0.10230179028132992,533,15014,3.45,102,0.23665893271461716
10016,10016,470,1082,43.44,,,634,2835,22.36,164,0.34893617021276596,716,6470,11.07,82,0.12933753943217666,768,9755,7.87,52,0.07262569832402235,822,13909,5.91,54,0.0703125,863,16785,5.14,41,0.049878345498783457,938,20871,4.49,75,0.08690614136732329,1062,24467,3.81,124,0.13219616204690832
10017,10017,98,280,35.0,,,130,710,18.31,32,0.32653061224489793,144,1661,8.67,14,0.1076923076923077,155,2620,5.92,11,0.0763888888888889,165,3728,4.43,10,0.06451612903225806,172,4576,3.76,7,0.04242424242424243,186,5775,3.22,14,0.08139534883720931,233,6750,3.44,47,0.25268817204301075
10018,10018,159,343,46.36,,,199,695,28.63,40,0.25157232704402516,212,1728,12.27,13,0.06532663316582915,243,2747,8.85,31,0.14622641509433962,266,4132,6.44,23,0.09465020576131687,206,2683,7.68,-60,-0.22556390977443608,221,3429,6.45,15,0.07281553398058252,313,4016,4.18,92,0.416289592760181
10019,10019,411,908,45.26,,,556,2093,26.56,145,0.35279805352798055,616,5291,11.64,60,0.1079136690647482,650,8190,7.94,34,0.05519480519480519,690,11550,5.97,40,0.06153846153846154,722,14425,5.01,32,0.0463768115942029,772,17647,4.37,50,0.06925207756232687,857,20112,4.24,85,0.11010362694300518
10021,10021,405,1033,39.21,,,524,2377,22.04,119,0.2938271604938272,573,5322,10.77,49,0.09351145038167939,603,8312,7.25,30,0.05235602094240838,626,11645,5.38,23,0.03814262023217247,660,14160,4.66,34,0.054313099041533544,719,17485,4.11,59,0.0893939393939394,811,19949,3.88,92,0.12795549374130738
10022,10022,236,608,38.82,,,324,1507,21.5,88,0.3728813559322034,346,3554,9.74,22,0.06790123456790123,369,5578,6.62,23,0.06647398843930635,390,7739,5.04,21,0.056910569105691054,414,9311,4.45,24,0.06153846153846154,438,11518,3.8,24,0.057971014492753624,529,13376,3.65,91,0.20776255707762556
10023,10023,406,989,41.05,,,522,2402,21.73,116,0.2857142857142857,572,6278,9.11,50,0.09578544061302682,602,9876,6.1,30,0.05244755244755245,647,13902,4.65,45,0.07475083056478406,668,17344,3.85,21,0.03245749613601236,733,21534,3.4,65,0.09730538922155689,841,25160,3.17,108,0.14733969986357434
10024,10024,436,1122,38.86,,,610,2522,24.19,174,0.39908256880733944,723,6549,11.04,113,0.18524590163934426,777,10402,7.47,54,0.07468879668049792,825,14301,5.77,48,0.06177606177606178,859,18644,4.61,34,0.041212121212121214,927,23272,3.98,68,0.07916181606519208,1029,26615,3.81,102,0.11003236245954692
10025,10025,790,1761,44.86,,,1160,4258,27.24,370,0.46835443037974683,1372,11410,12.02,212,0.18275862068965518,1459,18183,8.02,87,0.06341107871720117,1520,24428,6.22,61,0.041809458533241944,1591,32742,4.86,71,0.04671052631578947,1688,39844,4.24,97,0.06096794468887492,1869,45271,4.09,181,0.10722748815165876
10026,10026,391,750,52.13,,,607,1966,30.87,216,0.5524296675191815,648,3915,16.55,41,0.06754530477759473,697,5788,12.04,49,0.07561728395061729,741,8041,9.22,44,0.06312769010043041,781,10413,7.5,40,0.05398110661268556,827,12659,6.53,46,0.058898847631242,895,14418,6.26,68,0.08222490931076179
10027,10027,599,1100,54.45,,,946,2965,31.91,347,0.5792988313856428,1049,6011,17.45,103,0.10887949260042283,1117,9615,11.62,68,0.06482364156339371,1167,13574,8.6,50,0.044762757385854966,1224,18684,6.55,57,0.04884318766066838,1278,22189,5.76,54,0.04411764705882353,1396,25058,5.46,118,0.09233176838810642
10028,10028,343,891,38.5,,,447,2039,21.92,104,0.3032069970845481,476,4831,9.85,29,0.06487695749440715,505,7611,6.64,29,0.06092436974789916,535,10613,5.04,30,0.0594059405940594,566,13126,4.31,31,0.05794392523364486,611,16407,3.72,45,0.07950530035335689,705,18898,3.61,94,0.15384615384615385
10029,10029,1037,1923,53.93,,,1676,4532,36.98,639,0.6162005785920925,1839,9226,19.93,163,0.09725536992840096,1910,13083,14.6,71,0.03860793909733551,2006,18752,10.7,96,0.050261780104712044,2078,22408,9.27,72,0.03589232303090728,2165,26344,8.22,87,0.04186717998075072,2344,29942,7.58,179,0.08267898383371824
10030,10030,313,510,61.37,,,463,1422,32.56,150,0.4792332268370607,510,2792,18.27,47,0.10151187904967603,539,4046,13.32,29,0.056862745098039215,565,5686,9.94,26,0.04823747680890538,587,7105,8.26,22,0.03893805309734513,615,8567,7.18,28,0.04770017035775128,668,9856,6.92,53,0.08617886178861789
10031,10031,726,1116,65.05,,,1203,3216,37.41,477,0.6570247933884298,1349,7105,18.99,146,0.12136325852036575,1426,10176,14.01,77,0.05707931801334322,1508,13786,10.94,82,0.05750350631136045,1566,16252,9.64,58,0.038461538461538464,1657,19114,8.67,91,0.05810983397190294,1830,21485,8.26,173,0.1044055522027761
10032,10032,820,1332,61.56,,,1376,3708,37.11,556,0.6780487804878049,1561,7643,20.42,185,0.13444767441860464,1653,10746,15.38,92,0.058936579115951314,1739,14605,11.91,86,0.05202661826981246,1799,17287,10.41,60,0.034502587694077054,1875,20204,9.28,76,0.042245692051139525,2051,23146,8.58,176,0.09386666666666667
10033,10033,700,1119,62.56,,,1231,3339,36.87,531,0.7585714285714286,1370,6748,20.3,139,0.11291632818846466,1442,9438,15.28,72,0.052554744525547446,1509,12922,11.68,67,0.046463245492371706,1562,15693,9.95,53,0.03512259774685222,1663,18629,8.93,101,0.0646606914212548,1822,21213,8.44,159,0.09561034275405893
10034,10034,383,676,56.66,,,660,2201,29.99,277,0.7232375979112271,728,4242,17.16,68,0.10303030303030303,781,6302,12.39,53,0.07280219780219781,851,8817,9.65,70,0.08962868117797695,889,10549,8.43,38,0.04465334900117509,941,12523,7.51,52,0.05849268841394826,1041,14340,7.13,100,0.10626992561105207
10035,10035,555,967,57.39,,,889,2456,36.2,334,0.6018018018018018,999,4723,21.15,110,0.12373453318335208,1069,6509,16.42,70,0.07007007007007007,1120,8974,12.48,51,0.047708138447146865,1146,10953,10.46,26,0.023214285714285715,1181,12850,9.19,35,0.030541012216404886,1261,14548,8.65,80,0.06773920406435224
10036,10036,270,579,46.63,,,387,1432,27.03,117,0.43333333333333335,439,3502,12.54,52,0.1343669250645995,477,5198,9.18,38,0.08656036446469248,506,7330,6.9,29,0.06079664570230608,531,9292,5.71,25,0.04940711462450593,572,11333,5.05,41,0.07721280602636535,640,13056,4.78,68,0.11888111888111888
10037,10037,267,456,58.55,,,503,1838,27.37,236,0.8838951310861424,550,3054,18.01,47,0.09343936381709742,551,3997,13.79,1,0.0018181818181818182,570,5272,10.81,19,0.034482758620689655,598,5964,10.03,28,0.04912280701754386,617,6962,8.86,19,0.03177257525083612,641,7859,7.75,24,0.03889789303079417
10038,10038,160,321,49.84,,,231,829,27.86,71,0.44375,256,1973,12.98,25,0.10822510822510822,263,3018,8.71,7,0.02734375,288,4524,6.37,25,0.09505703422053231,318,5934,5.36,30,0.10416666666666667,352,7726,4.56,34,0.1069182389937107,402,9001,4.29,50,0.14204545454545456
10039,10039,298,537,55.49,,,470,1467,32.04,172,0.5771812080536913,527,2684,19.63,57,0.12127659574468085,561,3746,14.98,34,0.06451612903225806,606,5499,11.02,45,0.08021390374331551,623,6482,9.61,17,0.028052805280528052,649,7651,8.48,26,0.04173354735152488,696,8659,7.75,47,0.0724191063174114
10040,10040,555,864,64.24,,,1046,2897,36.11,491,0.8846846846846846,1142,5330,21.43,96,0.09177820267686425,1199,7513,15.96,57,0.049912434325744305,1267,10357,12.23,68,0.0567139282735613,1327,12769,10.39,60,0.0473559589581689,1391,15115,9.2,64,0.04822908816880181,1518,17029,8.98,127,0.09130122214234364
10044,10044,100,216,46.3,,,214,607,35.26,114,1.14,240,1306,18.38,26,0.12149532710280374,247,1957,12.62,7,0.029166666666666667,258,2544,10.14,11,0.044534412955465584,262,3219,8.14,4,0.015503875968992248,268,3782,7.09,6,0.022900763358778626,289,4338,6.62,21,0.07835820895522388
10065,10065,230,667,34.48,,,315,1542,20.43,85,0.3695652173913043,335,3670,9.13,20,0.06349206349206349,336,5585,6.02,1,0.0029850746268656717,355,7718,4.6,19,0.05654761904761905,376,9690,3.88,21,0.059154929577464786,410,12086,3.39,34,0.09042553191489362,482,13835,3.62,72,0.17560975609756097
10069,10069,38,100,38.0,,,50,227,22.03,12,0.3157894736842105,57,596,9.56,7,0.14,62,971,6.39,5,0.08771929824561403,68,1384,4.91,6,0.0967741935483871,73,2083,3.5,5,0.07352941176470588,78,2668,2.92,5,0.0684931506849315,99,3187,3.36,21,0.2692307692307692
10075,10075,287,604,47.52,,,361,1376,26.24,74,0.2578397212543554,448,3147,14.24,87,0.2409972299168975,434,4787,9.07,-14,-0.03125,443,6615,6.7,9,0.020737327188940093,460,8169,5.63,17,0.03837471783295711,489,10049,4.87,29,0.06304347826086956,552,11533,4.67,63,0.12883435582822086
10128,10128,453,1167,38.82,,,601,2787,21.56,148,0.32671081677704195,641,6435,9.96,40,0.06655574043261231,679,10159,6.68,38,0.059282371294851796,711,14214,5.0,32,0.047128129602356406,741,18229,4.06,30,0.04219409282700422,780,22577,3.45,39,0.05263157894736842,907,26089,3.45,127,0.16282051282051282
10280,10280,31,88,35.23,,,43,243,17.7,12,0.3870967741935484,55,648,8.49,12,0.27906976744186046,61,1027,5.94,6,0.10909090909090909,64,1466,4.37,3,0.04918032786885246,64,2049,3.12,0,0.0,69,2614,2.64,5,0.078125,76,3047,2.72,7,0.10144927536231885
10282,10282,51,106,48.11,,,68,226,30.09,17,0.3333333333333333,71,461,15.4,3,0.04411764705882353,78,702,11.11,7,0.09859154929577464,84,993,8.46,6,0.07692307692307693,86,1309,6.57,2,0.023809523809523808,87,1637,5.31,1,0.011627906976744186,92,2033,4.28,5,0.05747126436781609
10301,10301,678,1256,53.98,,,1091,2988,36.51,413,0.6091445427728613,1218,5294,23.01,127,0.11640696608615948,1262,7052,17.9,44,0.0361247947454844,1307,9051,14.44,45,0.03565768621236133,1356,10902,12.44,49,0.03749043611323642,1429,13088,10.92,73,0.05383480825958702,1603,15192,10.45,174,0.12176347095871239
10302,10302,360,680,52.94,,,607,1499,40.49,247,0.6861111111111111,639,2308,27.69,32,0.05271828665568369,652,2944,22.15,13,0.02034428794992175,684,3792,18.04,32,0.049079754601226995,697,4612,15.11,13,0.019005847953216373,729,5482,13.3,32,0.04591104734576758,806,6519,12.24,77,0.1056241426611797
10303,10303,533,959,55.58,,,809,2109,38.36,276,0.5178236397748592,882,3437,25.66,73,0.09023485784919653,916,4509,20.31,34,0.03854875283446712,942,5847,16.11,26,0.028384279475982533,957,6791,14.09,15,0.01592356687898089,992,8021,12.37,35,0.03657262277951933,1087,9295,11.55,95,0.09576612903225806
10304,10304,851,1653,51.48,,,1315,3612,36.41,464,0.54524089306698,1405,5820,24.14,90,0.06844106463878327,1433,7650,18.73,28,0.0199288256227758,1510,9846,15.34,77,0.05373342637822749,1566,11787,13.29,56,0.03708609271523179,1644,14059,11.69,78,0.04980842911877394,1818,16422,10.89,174,0.10583941605839416
10305,10305,753,1619,46.51,,,1173,3456,33.94,420,0.5577689243027888,1257,5343,23.53,84,0.07161125319693094,1302,7016,18.56,45,0.03579952267303103,1363,8907,15.3,61,0.04685099846390169,1399,10431,13.41,36,0.02641232575201761,1497,12707,11.78,98,0.07005003573981415,1707,15014,11.11,210,0.1402805611222445
10306,10306,954,2144,44.5,,,1390,4481,31.02,436,0.4570230607966457,1465,6923,21.16,75,0.0539568345323741,1511,9093,16.62,46,0.031399317406143344,1570,11740,13.37,59,0.039046988749172735,1624,14322,11.34,54,0.034394904458598725,1747,17430,10.02,123,0.07573891625615764,2033,20494,9.87,286,0.16370921579851175
10307,10307,257,555,46.31,,,362,1141,31.73,105,0.4085603112840467,380,1607,23.65,18,0.049723756906077346,401,2193,18.29,21,0.05526315789473684,416,2832,14.69,15,0.03740648379052369,429,3398,12.63,13,0.03125,466,4168,11.18,37,0.08624708624708624,544,5034,10.61,78,0.16738197424892703
10308,10308,459,1074,42.74,,,610,2066,29.53,151,0.3289760348583878,639,3004,21.27,29,0.047540983606557376,675,4027,16.76,36,0.056338028169014086,701,5297,13.23,26,0.03851851851851852,737,6593,11.18,36,0.05135520684736091,801,8129,9.85,64,0.08683853459972862,931,9816,9.67,130,0.16229712858926343
10309,10309,617,1386,44.52,,,808,2585,31.26,191,0.3095623987034036,844,3815,22.12,36,0.04455445544554455,874,5107,17.11,30,0.035545023696682464,912,6620,13.78,38,0.043478260869565216,955,8021,11.91,43,0.047149122807017545,1017,9720,10.46,62,0.06492146596858639,1161,11573,9.93,144,0.1415929203539823
10310,10310,425,899,47.27,,,694,2050,33.85,269,0.6329411764705882,719,3274,21.96,25,0.03602305475504323,731,4253,17.19,12,0.016689847009735744,755,5417,13.94,24,0.03283173734610123,791,6478,12.21,36,0.04768211920529802,850,7720,11.01,59,0.07458912768647281,938,9063,10.13,88,0.10352941176470588
10312,10312,1082,2276,47.54,,,1437,4496,31.96,355,0.32809611829944546,1504,6759,22.25,67,0.04662491301322199,1585,9088,17.44,81,0.0538563829787234,1665,11960,13.92,80,0.050473186119873815,1720,14586,11.79,55,0.03303303303303303,1847,17705,10.43,127,0.07383720930232558,2129,21141,9.85,282,0.15268002165674066
10314,10314,1717,3546,48.42,,,2529,7277,34.75,812,0.47291788002329643,2675,11444,23.37,146,0.057730328192961644,2763,15152,18.24,88,0.03289719626168224,2872,19534,14.7,109,0.03944987332609482,2984,23616,12.64,112,0.03899721448467967,3169,28253,11.22,185,0.06199731903485255,3585,33027,10.7,416,0.13127169454086463
10451,10451,887,1467,60.46,,,1514,3867,39.15,627,0.7068771138669673,1623,6538,24.82,109,0.07199471598414796,1650,9010,18.31,27,0.0166358595194085,1725,11998,14.38,75,0.045454545454545456,1781,14036,12.69,56,0.03246376811594203,1857,16385,11.33,76,0.04267265581134194,1963,18510,10.39,106,0.05708131394722671
10452,10452,1195,1826,65.44,,,2177,5493,39.63,982,0.8217573221757322,2452,9736,25.18,275,0.12632062471290767,2586,13325,19.41,134,0.05464926590538336,2717,18193,14.93,131,0.05065738592420727,2847,21118,13.48,130,0.04784688995215311,2983,24470,12.19,136,0.04776958201615736,3214,27705,11.19,231,0.07743881997988603
10453,10453,1261,2013,62.64,,,2199,5437,40.45,938,0.7438540840602696,2403,9156,26.25,204,0.0927694406548431,2555,12463,20.5,152,0.06325426550145652,2690,16843,15.97,135,0.05283757338551859,2791,20174,13.83,101,0.03754646840148699,2922,23669,12.35,131,0.04693658187029739,3152,26848,11.57,230,0.07871321013004791
10454,10454,616,971,63.44,,,1061,2997,35.4,445,0.7224025974025974,1150,4960,23.19,89,0.08388312912346843,1214,6765,17.95,64,0.05565217391304348,1271,8725,14.57,57,0.04695222405271829,1302,9973,13.06,31,0.024390243902439025,1323,11710,11.3,21,0.016129032258064516,1435,13648,10.15,112,0.08465608465608465
10455,10455,652,1035,63.0,,,1184,3014,39.28,532,0.8159509202453987,1284,5013,25.61,100,0.08445945945945946,1382,7086,19.5,98,0.0763239875389408,1456,9555,15.24,74,0.053545586107091175,1498,11214,13.36,42,0.028846153846153848,1546,13041,11.85,48,0.03204272363150868,1656,14959,11.14,110,0.07115135834411385
10456,10456,1295,2097,61.75,,,2320,6216,37.32,1025,0.7915057915057915,2544,10642,23.91,224,0.09655172413793103,2701,15096,17.89,157,0.06171383647798742,2827,20144,14.03,126,0.04664938911514254,2922,23543,12.41,95,0.03360452776795189,3015,27622,10.92,93,0.03182751540041068,3197,31219,9.97,182,0.06036484245439469
10457,10457,1092,1749,62.44,,,1933,5031,38.42,841,0.7701465201465202,2135,8858,24.1,202,0.10450077599586136,2324,12654,18.37,189,0.08852459016393442,2463,17382,14.17,139,0.05981067125645439,2545,19780,12.87,82,0.03329273244011368,2628,22871,11.49,83,0.03261296660117878,2824,25926,10.59,196,0.0745814307458143
10458,10458,1083,1856,58.35,,,1901,4999,38.03,818,0.7553093259464451,2085,8554,24.37,184,0.0967911625460284,2241,11848,18.91,156,0.07482014388489208,2398,16100,14.89,157,0.07005800981704596,2463,19326,12.74,65,0.027105921601334446,2588,23191,11.16,125,0.05075111652456354,2857,26438,10.41,269,0.10394126738794436
10459,10459,824,1326,62.14,,,1407,3377,41.66,583,0.7075242718446602,1506,5729,26.29,99,0.07036247334754797,1598,8158,19.59,92,0.06108897742363878,1661,11250,14.76,63,0.039424280350438046,1723,13547,12.72,62,0.03732691149909693,1793,15960,11.23,70,0.04062681369704005,1957,18288,10.47,164,0.09146681539319576
10460,10460,875,1464,59.77,,,1543,3870,39.87,668,0.7634285714285715,1672,6579,25.41,129,0.08360337005832794,1774,9156,19.38,102,0.061004784688995214,1878,12346,15.21,104,0.058624577226606536,1928,14741,13.08,50,0.026624068157614485,2002,17274,11.59,74,0.038381742738589214,2139,19709,10.79,137,0.06843156843156843
10461,10461,1107,2058,53.79,,,1797,5007,35.89,690,0.6233062330623306,1907,7727,24.68,110,0.06121313299944352,1920,10001,19.2,13,0.0068169900367068695,1966,12679,15.51,46,0.023958333333333335,2025,15010,13.49,59,0.030010172939979655,2095,17429,12.02,70,0.0345679012345679,2223,19970,10.95,128,0.06109785202863962
10462,10462,1308,2347,55.73,,,2149,5775,37.21,841,0.6429663608562691,2295,9777,23.47,146,0.06793857608189856,2376,13069,18.18,81,0.03529411764705882,2476,17404,14.23,100,0.04208754208754209,2571,20375,12.62,95,0.03836833602584814,2700,23822,11.33,129,0.050175029171528586,2904,27250,10.33,204,0.07555555555555556
10463,10463,1021,2056,49.66,,,1794,5115,35.07,773,0.7571008814887366,2063,10174,20.28,269,0.14994425863991082,2156,13631,15.82,93,0.04507998061076103,2245,17889,12.55,89,0.041280148423005564,2327,21335,10.91,82,0.03652561247216036,2418,24910,9.71,91,0.03910614525139665,2570,28047,8.86,152,0.06286186931348221
10464,10464,80,206,38.83,,,116,430,26.98,36,0.45,120,651,18.43,4,0.034482758620689655,129,868,14.86,9,0.075,135,1138,11.86,6,0.046511627906976744,136,1220,11.15,1,0.007407407407407408,142,1450,9.79,6,0.04411764705882353,142,1644,7.97,0,0.0
10465,10465,941,1944,48.41,,,1435,4342,33.05,494,0.5249734325185972,1503,6435,23.36,68,0.047386759581881537,1555,8242,18.87,52,0.034597471723220224,1586,10498,15.11,31,0.019935691318327974,1630,12428,13.12,44,0.027742749054224466,1708,14617,11.69,78,0.04785276073619632,1830,16670,10.68,122,0.07142857142857142
10466,10466,1393,2339,59.56,,,2218,5383,41.2,825,0.5922469490308686,2432,8921,27.26,214,0.09648331830477908,2526,11607,21.76,94,0.038651315789473686,2600,15208,17.1,74,0.02929532858273951,2662,17831,14.93,62,0.023846153846153847,2714,20680,13.12,52,0.019534184823441023,2835,23679,11.68,121,0.04458364038319823
10467,10467,1972,3222,61.2,,,3134,7613,41.17,1162,0.5892494929006086,3449,12955,26.62,315,0.10051052967453733,3631,17641,20.58,182,0.052768918527109306,3802,23847,15.94,171,0.04709446433489397,3893,28517,13.65,91,0.023934771173066808,4022,33239,12.1,129,0.0331363986642692,4273,38014,11.14,251,0.06240676280457484
10468,10468,1381,2083,66.3,,,2534,6113,41.45,1153,0.834902244750181,2802,11550,24.26,268,0.10576164167324388,2949,15149,19.47,147,0.05246252676659529,3096,19469,15.9,147,0.04984740590030519,3186,22735,14.01,90,0.029069767441860465,3319,25900,12.81,133,0.04174513496547395,3516,28954,11.97,197,0.059355227478156074
10469,10469,1724,2772,62.19,,,2813,6701,41.98,1089,0.6316705336426914,3050,11374,26.82,237,0.08425168858869535,3157,14650,21.55,107,0.035081967213114754,3226,18274,17.65,69,0.021856192587899906,3279,21298,15.4,53,0.01642901425914445,3357,24376,13.77,78,0.023787740164684355,3493,27333,12.5,136,0.04051236222817992
10470,10470,284,518,54.83,,,426,1301,32.74,142,0.5,456,2053,22.21,30,0.07042253521126761,471,2597,18.14,15,0.03289473684210526,487,3276,14.87,16,0.03397027600849257,504,3684,13.68,17,0.03490759753593429,518,4371,11.85,14,0.027777777777777776,549,5092,10.78,31,0.059845559845559844
10471,10471,326,735,44.35,,,755,2821,26.76,429,1.3159509202453987,809,4216,19.19,54,0.07152317880794702,836,5338,15.66,27,0.03337453646477132,857,6561,13.06,21,0.025119617224880382,878,8059,10.89,21,0.024504084014002333,903,9502,9.5,25,0.02847380410022779,954,10865,8.86,51,0.05647840531561462
10472,10472,1035,1606,64.45,,,1821,4181,43.55,786,0.7594202898550725,1999,7201,27.76,178,0.09774848984074684,2120,9724,21.8,121,0.060530265132566284,2205,12800,17.23,85,0.04009433962264151,2267,15930,14.23,62,0.028117913832199547,2358,18633,12.65,91,0.04014115571239524,2513,21537,11.43,155,0.06573367260390162
10473,10473,1170,1982,59.03,,,1812,4678,38.73,642,0.5487179487179488,1957,8084,24.21,145,0.08002207505518764,2046,10602,19.3,89,0.045477772100153295,2143,13657,15.69,97,0.04740957966764418,2197,16321,13.46,54,0.025198320111992533,2288,18913,12.1,91,0.04142011834319527,2469,21548,11.33,181,0.07910839160839161
10474,10474,187,292,64.04,,,308,771,39.95,121,0.6470588235294118,326,1259,25.89,18,0.05844155844155844,343,1708,20.08,17,0.05214723926380368,353,2497,14.14,10,0.029154518950437316,349,2862,12.19,-4,-0.0113314447592068,353,3311,10.66,4,0.011461318051575931,377,3792,9.39,24,0.0679886685552408
10475,10475,1042,1859,56.05,,,1622,4406,36.81,580,0.5566218809980806,1727,6701,25.77,105,0.06473489519112208,1803,8539,21.11,76,0.04400694846554719,1855,11301,16.41,52,0.028840820854132,1890,13116,14.41,35,0.018867924528301886,1942,14819,13.1,52,0.027513227513227514,2005,16645,11.76,63,0.03244078269824923
11004,11004,353,558,63.26,,,540,1095,49.32,187,0.5297450424929179,603,3162,19.07,63,0.11666666666666667,613,4149,14.77,10,0.01658374792703151,633,5121,12.36,20,0.03262642740619902,644,5973,10.78,11,0.017377567140600316,666,7041,9.46,22,0.034161490683229816,717,7956,8.67,51,0.07657657657657657
11101,11101,374,735,50.88,,,584,1985,29.42,210,0.5614973262032086,642,4461,14.39,58,0.09931506849315068,682,6959,9.8,40,0.06230529595015576,725,10173,7.13,43,0.06304985337243402,761,12665,6.01,36,0.0496551724137931,817,15242,5.36,56,0.0735873850197109,922,17465,5.13,105,0.12851897184822522
11102,11102,336,596,56.38,,,568,1679,33.83,232,0.6904761904761905,631,3922,16.09,63,0.11091549295774648,666,5544,12.01,35,0.0554675118858954,712,7837,9.09,46,0.06906906906906907,737,9324,7.9,25,0.0351123595505618,821,11282,7.28,84,0.11397557666214382,920,13065,6.8,99,0.12058465286236297
11103,11103,321,577,55.63,,,515,1593,32.33,194,0.6043613707165109,588,3973,14.8,73,0.141747572815534,609,5787,10.52,21,0.03571428571428571,652,8125,8.02,43,0.07060755336617405,700,10246,6.83,48,0.0736196319018405,754,12393,6.08,54,0.07714285714285714,853,14320,5.95,99,0.1312997347480106
11104,11104,285,478,59.62,,,457,1339,34.13,172,0.6035087719298246,502,2839,17.68,45,0.09846827133479212,521,4430,11.76,19,0.037848605577689244,553,6200,8.92,32,0.061420345489443376,570,7262,7.85,17,0.03074141048824593,591,8576,6.89,21,0.03684210526315789,670,10083,6.35,79,0.13367174280879865
11105,11105,309,614,50.33,,,460,1624,28.33,151,0.4886731391585761,501,3763,13.31,41,0.0891304347826087,517,5510,9.38,16,0.031936127744510975,547,7737,7.07,30,0.058027079303675046,586,9512,6.16,39,0.0712979890310786,633,11354,5.58,47,0.08020477815699659,762,13268,5.79,129,0.2037914691943128
11106,11106,366,690,53.04,,,601,1810,33.2,235,0.6420765027322405,658,4052,16.24,57,0.09484193011647254,701,5970,11.74,43,0.06534954407294832,771,8585,8.98,70,0.09985734664764621,794,10246,7.75,23,0.029831387808041506,857,12488,6.86,63,0.07934508816120907,953,14445,6.53,96,0.11201866977829639
11109,11109,40,112,35.71,,,46,269,17.1,6,0.15,49,573,8.55,3,0.06521739130434782,58,979,5.92,9,0.1836734693877551,62,1377,4.5,4,0.06896551724137931,64,1747,3.66,2,0.03225806451612903,70,2151,3.25,6,0.09375,80,2527,3.21,10,0.14285714285714285
11201,11201,402,980,41.02,,,639,2673,23.91,237,0.5895522388059702,720,7707,9.34,81,0.1267605633802817,777,11968,6.49,57,0.07916666666666666,813,16869,4.82,36,0.04633204633204633,839,21319,3.94,26,0.03198031980319803,889,26269,3.38,50,0.05959475566150179,1005,30308,3.13,116,0.13048368953880765
11203,11203,1148,1743,65.86,,,1921,4712,40.77,773,0.6733449477351916,2116,8640,24.49,195,0.1015096304008329,2189,11152,19.63,73,0.03449905482041588,2243,14336,15.65,54,0.02466879853814527,2297,16929,13.57,54,0.024074899687917966,2376,20243,11.74,79,0.034392686112320416,2500,23332,10.53,124,0.05218855218855219
11204,11204,1185,1918,61.78,,,1880,5666,33.18,695,0.5864978902953587,2056,9620,21.37,176,0.09361702127659574,2125,12453,17.06,69,0.03356031128404669,2216,15106,14.67,91,0.042823529411764705,2335,16574,14.09,119,0.053700361010830325,2677,19884,13.46,342,0.14646680942184154,2973,24598,11.74,296,0.11057153530070975
11205,11205,423,783,54.02,,,676,2330,29.01,253,0.5981087470449172,746,4512,16.53,70,0.10355029585798817,789,7103,11.11,43,0.057640750670241284,817,9581,8.53,28,0.035487959442332066,843,11614,7.26,26,0.03182374541003672,932,14257,6.54,89,0.1055753262158956,1020,16710,5.93,88,0.0944206008583691
11206,11206,837,1438,58.21,,,1465,4395,33.33,628,0.7502986857825568,1639,8917,18.38,174,0.11877133105802047,1721,13155,13.08,82,0.050030506406345335,1804,18159,9.93,83,0.04822777454968042,1863,22262,8.37,59,0.03270509977827051,2008,27122,7.4,145,0.07783145464304884,2228,31633,7.01,220,0.10956175298804781
11207,11207,1056,1706,61.9,,,1928,5198,37.09,872,0.8257575757575758,2134,9185,23.23,206,0.10684647302904564,2265,12577,18.01,131,0.06138706654170572,2369,17064,13.88,104,0.045916114790286976,2438,20987,11.62,69,0.02912621359223301,2539,25038,10.14,101,0.041427399507793276,2733,28932,9.47,194,0.07640803465931469
11208,11208,1173,1794,65.38,,,2184,5364,40.72,1011,0.8618925831202046,2426,9536,25.44,242,0.1108058608058608,2563,13133,19.52,137,0.05647155812036274,2682,17240,15.56,119,0.046429964884900504,2780,20887,13.31,98,0.036539895600298286,2907,24541,11.85,127,0.04568345323741007,3187,28632,11.2,280,0.09631922944616443
11209,11209,667,1301,51.27,,,1069,3478,30.74,402,0.6026986506746627,1155,7527,15.34,86,0.08044901777362021,1207,10601,11.39,52,0.045021645021645025,1282,13981,9.17,75,0.06213753106876554,1335,17276,7.73,53,0.041341653666146644,1451,20949,6.93,116,0.08689138576779026,1642,24814,6.54,191,0.13163335630599587
11210,11210,1042,1638,63.61,,,1568,4015,39.05,526,0.5047984644913628,1725,7242,23.82,157,0.10012755102040816,1791,10021,17.87,66,0.03826086956521739,1848,12623,14.64,57,0.031825795644891124,1953,14746,13.24,105,0.056818181818181816,2294,17824,12.87,341,0.1746031746031746,2507,21869,11.26,213,0.0928509154315606
11211,11211,1293,2055,62.92,,,1954,6214,31.45,661,0.5112142304717711,2117,13162,16.08,163,0.0834186284544524,2236,18839,11.87,119,0.056211620217288615,2328,24959,9.33,92,0.04114490161001789,2421,30053,8.06,93,0.03994845360824742,2720,37533,7.25,299,0.1235026848409748,3100,43983,6.97,380,0.13970588235294118
11212,11212,948,1475,64.27,,,1687,4569,36.92,739,0.7795358649789029,1909,8251,23.14,222,0.13159454653230587,2028,10988,18.46,119,0.062336301728653745,2110,14507,14.54,82,0.04043392504930966,2146,17131,12.53,36,0.017061611374407582,2224,20520,10.84,78,0.036346691519105315,2382,23830,9.85,158,0.0710431654676259
11213,11213,873,1421,61.44,,,1281,3355,38.18,408,0.46735395189003437,1425,6816,20.91,144,0.11241217798594848,1497,9823,15.24,72,0.05052631578947368,1559,13161,11.85,62,0.041416165664662656,1617,15816,10.22,58,0.03720333547145606,1748,19252,9.08,131,0.08101422387136673,1928,22036,8.68,180,0.10297482837528604
11214,11214,859,1499,57.3,,,1425,3820,37.3,566,0.6589057043073341,1575,8313,18.95,150,0.10526315789473684,1651,11630,14.2,76,0.04825396825396826,1742,15103,11.53,91,0.05511811023622047,1817,18267,9.95,75,0.04305396096440873,1952,22438,8.7,135,0.07429829389102917,2222,26930,8.29,270,0.13831967213114754
11215,11215,383,880,43.52,,,583,2300,25.35,200,0.5221932114882507,635,6364,9.98,52,0.08919382504288165,657,10760,6.11,22,0.03464566929133858,694,15821,4.39,37,0.0563165905631659,721,19854,3.63,27,0.03890489913544669,772,24525,3.15,51,0.07073509015256588,882,28290,2.98,110,0.14248704663212436
11216,11216,419,778,53.86,,,678,2246,30.19,259,0.6181384248210023,750,5346,14.03,72,0.10619469026548672,810,8567,9.45,60,0.08,853,12313,6.93,43,0.05308641975308642,891,15264,5.84,38,0.044548651817116064,966,18546,5.21,75,0.08417508417508418,1064,20986,4.95,98,0.10144927536231885
11217,11217,357,662,53.93,,,551,1669,33.01,194,0.5434173669467787,630,4543,13.87,79,0.14337568058076225,659,7169,9.19,29,0.046031746031746035,694,10269,6.76,35,0.05311077389984825,709,13538,5.24,15,0.021613832853025938,738,16639,4.44,29,0.04090267983074753,798,18702,4.36,60,0.08130081300813008
11218,11218,1043,1713,60.89,,,1601,4339,36.9,558,0.5349952061361457,1771,8635,20.51,170,0.1061836352279825,1841,12211,15.08,70,0.039525691699604744,1903,15747,12.08,62,0.03367734926670288,1940,18574,10.44,37,0.019442984760903836,2149,22712,9.46,209,0.1077319587628866,2379,27518,8.37,230,0.10702652396463472
11219,11219,1833,2712,67.59,,,2795,9497,29.43,962,0.524822695035461,3100,15546,19.94,305,0.10912343470483005,3200,18918,16.92,100,0.03225806451612903,3271,21487,15.22,71,0.0221875,3371,22241,15.16,100,0.03057169061449098,3755,26195,14.33,384,0.11391278552358351,4141,32424,12.15,386,0.10279627163781624
11220,11220,870,1360,63.97,,,1417,3678,38.53,547,0.628735632183908,1591,7482,21.26,174,0.12279463655610445,1734,11404,15.21,143,0.08988057825267128,1948,16660,11.69,214,0.12341407151095732,2027,20586,9.85,79,0.04055441478439425,2132,24511,8.7,105,0.05180069067587568,2324,28452,7.8,192,0.0900562851782364
11221,11221,698,1169,59.71,,,1183,3349,35.32,485,0.6948424068767909,1335,7516,17.76,152,0.12848689771766694,1424,11483,12.4,89,0.06666666666666667,1548,16780,9.23,124,0.08707865168539326,1604,20452,7.84,56,0.03617571059431524,1678,24701,6.79,74,0.046134663341645885,1842,28256,6.35,164,0.09773539928486293
11222,11222,277,563,49.2,,,411,1509,27.24,134,0.48375451263537905,457,4488,10.18,46,0.11192214111922141,494,7046,7.01,37,0.08096280087527352,534,10255,5.21,40,0.08097165991902834,558,12370,4.51,24,0.0449438202247191,611,15245,4.01,53,0.09498207885304659,682,17346,3.86,71,0.11620294599018004
11223,11223,999,1765,56.6,,,1606,4443,36.15,607,0.6076076076076076,1736,8056,21.55,130,0.08094645080946451,1815,11124,16.32,79,0.04550691244239631,1897,14456,13.12,82,0.045179063360881545,2022,16832,12.01,125,0.06589351607801792,2725,22369,12.18,703,0.347675568743818,3018,26704,10.99,293,0.10752293577981652
11224,11224,551,923,59.7,,,1072,2850,37.61,521,0.9455535390199638,1264,5383,23.48,192,0.1791044776119403,1303,6940,18.78,39,0.030854430379746837,1336,8895,15.02,33,0.02532617037605526,1412,11564,12.21,76,0.05688622754491018,1507,13841,10.89,95,0.06728045325779036,1621,15768,10.24,114,0.0756469807564698
11225,11225,711,1124,63.26,,,1091,2916,37.41,380,0.5344585091420534,1171,5916,19.79,80,0.07332722273143905,1223,8913,13.72,52,0.0444064901793339,1269,12170,10.43,46,0.03761242845461979,1313,14868,8.83,44,0.03467297084318361,1390,18023,7.71,77,0.05864432597105865,1505,20570,7.18,115,0.08273381294964029
11226,11226,1148,1756,65.38,,,2080,5255,39.58,932,0.8118466898954704,2302,10322,22.3,222,0.10673076923076923,2472,14885,16.61,170,0.0738488271068636,2550,19836,12.86,78,0.03155339805825243,2612,23881,10.94,62,0.02431372549019608,2719,28479,9.55,107,0.04096477794793262,2894,32646,8.67,175,0.06436189775652813
11228,11228,388,683,56.81,,,605,1766,34.26,217,0.5592783505154639,687,3641,18.87,82,0.13553719008264462,716,5068,14.13,29,0.042212518195050945,764,6912,11.05,48,0.0670391061452514,793,8819,8.99,29,0.03795811518324607,857,10754,7.97,64,0.0807061790668348,953,12811,7.54,96,0.11201866977829639
11229,11229,925,1609,57.49,,,1468,4197,34.98,543,0.587027027027027,1796,12246,14.67,328,0.22343324250681199,1870,15331,12.2,74,0.04120267260579064,1950,18787,10.38,80,0.0427807486631016,2016,17426,11.57,66,0.033846153846153845,2266,22306,10.16,250,0.12400793650793651,2512,26756,9.05,246,0.10856134157105031
11230,11230,1414,2270,62.29,,,2159,5974,36.14,745,0.5268741159830269,2394,11480,20.85,235,0.10884668828161186,2488,15342,16.22,94,0.03926482873851295,2575,18964,13.58,87,0.034967845659163985,2762,23064,11.98,187,0.07262135922330097,3435,29125,11.79,673,0.2436640115858074,3888,35654,11.2,453,0.13187772925764193
11231,11231,258,533,48.41,,,391,1305,29.96,133,0.5155038759689923,426,3630,11.74,35,0.08951406649616368,446,5885,7.58,20,0.046948356807511735,468,8728,5.36,22,0.04932735426008968,491,10884,4.51,23,0.049145299145299144,514,13319,3.86,23,0.04684317718940937,561,15316,3.57,47,0.0914396887159533
11232,11232,303,440,68.86,,,482,1156,41.7,179,0.5907590759075908,554,2705,20.48,72,0.14937759336099585,590,3993,14.78,36,0.06498194945848375,635,5692,11.16,45,0.07627118644067797,650,7234,8.99,15,0.023622047244094488,683,8801,7.76,33,0.05076923076923077,741,10233,6.83,58,0.0849194729136164
11233,11233,666,1091,61.04,,,1173,3197,36.69,507,0.7612612612612613,1284,5914,21.71,111,0.09462915601023018,1364,8598,15.86,80,0.06230529595015576,1428,11940,11.96,64,0.0469208211143695,1464,14922,9.81,36,0.025210084033613446,1545,18299,8.44,81,0.055327868852459015,1656,21190,7.82,111,0.07184466019417475
11234,11234,1417,2289,61.9,,,2139,5483,39.01,722,0.5095271700776288,2264,9553,23.7,125,0.0584385226741468,2346,12852,18.25,82,0.036219081272084806,2437,16969,14.36,91,0.03878942881500426,2521,20520,12.29,84,0.0344686089454247,2727,24905,10.95,206,0.08171360571201904,2930,29352,9.86,203,0.07444077741107444
11235,11235,1056,1847,57.17,,,1916,5093,37.62,860,0.8143939393939394,2068,10061,20.55,152,0.07933194154488518,2159,13222,16.33,91,0.044003868471953575,2272,17197,13.21,113,0.0523390458545623,2363,18518,12.76,91,0.04005281690140845,2639,23000,11.47,276,0.11680067710537452,2879,27015,9.9,240,0.09094353921940129
11236,11236,1558,2345,66.44,,,2528,5974,42.32,970,0.6225930680359435,2775,10673,26.0,247,0.09770569620253164,2887,13894,20.78,112,0.04036036036036036,2980,17868,16.68,93,0.03221337028056807,3042,21591,14.09,62,0.02080536912751678,3156,25501,12.38,114,0.03747534516765286,3329,29383,11.16,173,0.05481622306717364
11237,11237,489,727,67.26,,,882,2190,40.27,393,0.803680981595092,999,5361,18.63,117,0.1326530612244898,1064,7881,13.5,65,0.06506506506506507,1117,11148,10.02,53,0.04981203007518797,1152,13137,8.77,35,0.03133393017009848,1243,15642,7.95,91,0.07899305555555555,1367,17741,7.39,124,0.0997586484312148
11238,11238,476,838,56.8,,,722,2212,32.64,246,0.5168067226890757,806,6026,13.38,84,0.11634349030470914,850,9957,8.54,44,0.05459057071960298,892,14532,6.14,42,0.04941176470588235,930,17966,5.18,38,0.042600896860986545,982,21977,4.47,52,0.05591397849462366,1081,24907,4.17,99,0.10081466395112017
11239,11239,293,470,62.34,,,476,1212,39.27,183,0.6245733788395904,522,2193,23.8,46,0.09663865546218488,551,3099,17.78,29,0.05555555555555555,571,3777,15.12,20,0.036297640653357534,581,3896,14.91,10,0.017513134851138354,599,4551,13.16,18,0.03098106712564544,647,5221,11.26,48,0.08013355592654424
11354,11354,517,843,61.33,,,1102,2771,39.77,585,1.1315280464216635,1225,6270,19.54,123,0.11161524500907441,1327,10113,13.12,102,0.08326530612244898,1397,12762,10.95,70,0.05275056518462698,1482,15057,9.84,85,0.06084466714387974,1542,17567,8.78,60,0.04048582995951417,1614,19663,8.1,72,0.04669260700389105
11355,11355,657,1035,63.48,,,1172,2853,41.08,515,0.7838660578386606,1332,5786,23.02,160,0.13651877133105803,1488,10918,13.63,156,0.11711711711711711,1557,14514,10.73,69,0.046370967741935484,1606,17095,9.39,49,0.03147077713551702,1656,20210,8.19,50,0.031133250311332503,1784,23239,7.45,128,0.07729468599033816
11356,11356,323,549,58.83,,,520,1348,38.58,197,0.6099071207430341,569,2423,23.48,49,0.09423076923076923,601,3442,17.46,32,0.056239015817223195,639,4591,13.92,38,0.0632279534109817,654,5351,12.22,15,0.023474178403755867,694,6559,10.58,40,0.06116207951070336,750,7702,9.53,56,0.08069164265129683
11357,11357,484,856,56.54,,,769,2149,35.78,285,0.5888429752066116,821,4056,20.24,52,0.06762028608582575,871,5988,14.55,50,0.06090133982947625,905,7787,11.62,34,0.03903559127439724,936,9355,10.01,31,0.03425414364640884,970,11231,8.64,34,0.03632478632478633,1069,13235,7.92,99,0.10206185567010309
11358,11358,324,615,52.68,,,526,1589,33.1,202,0.6234567901234568,581,3251,17.87,55,0.10456273764258556,617,5283,11.68,36,0.06196213425129088,633,7040,8.99,16,0.02593192868719611,648,8467,7.65,15,0.023696682464454975,688,10191,6.75,40,0.06172839506172839,750,11817,6.08,62,0.09011627906976744
11360,11360,190,395,48.1,,,298,1012,29.45,108,0.5684210526315789,321,2013,15.95,23,0.07718120805369127,331,3039,10.89,10,0.03115264797507788,340,3977,8.55,9,0.027190332326283987,355,4641,7.65,15,0.04411764705882353,373,5613,6.65,18,0.05070422535211268,405,6478,5.91,32,0.08579088471849866
11361,11361,271,507,53.45,,,424,1298,32.67,153,0.5645756457564576,457,2634,17.35,33,0.07783018867924528,478,3936,12.14,21,0.045951859956236324,492,5286,9.31,14,0.029288702928870293,511,6390,8.0,19,0.03861788617886179,537,7658,7.01,26,0.050880626223091974,595,8782,6.59,58,0.10800744878957169
11362,11362,186,380,48.95,,,294,879,33.45,108,0.5806451612903226,327,1770,18.47,33,0.11224489795918367,340,2544,13.36,13,0.039755351681957186,351,3456,10.16,11,0.03235294117647059,359,4176,8.6,8,0.022792022792022793,377,4993,7.55,18,0.05013927576601671,397,5716,6.67,20,0.05305039787798409
11363,11363,72,148,48.65,,,96,310,30.97,24,0.3333333333333333,98,594,16.5,2,0.020833333333333332,103,908,11.34,5,0.05102040816326531,108,1254,8.61,5,0.04854368932038835,111,1557,7.13,3,0.027777777777777776,116,1897,6.11,5,0.04504504504504504,122,2263,5.61,6,0.05172413793103448
11364,11364,288,541,53.23,,,445,1426,31.21,157,0.5451388888888888,468,2782,16.82,23,0.051685393258426963,482,4307,11.19,14,0.029914529914529916,508,6012,8.45,26,0.05394190871369295,519,7279,7.13,11,0.021653543307086614,566,8714,6.5,47,0.0905587668593449,619,10318,5.93,53,0.09363957597173145
11365,11365,492,887,55.47,,,784,2153,36.41,292,0.5934959349593496,847,4322,19.6,63,0.08035714285714286,890,6218,14.31,43,0.05076741440377804,940,8285,11.35,50,0.056179775280898875,977,9945,9.82,37,0.039361702127659576,1045,12011,8.7,68,0.06960081883316274,1124,13842,8.03,79,0.07559808612440191
11366,11366,266,463,57.45,,,364,938,38.81,98,0.3684210526315789,392,1550,25.29,28,0.07692307692307693,404,2103,19.21,12,0.030612244897959183,415,2749,15.1,11,0.027227722772277228,430,3190,13.48,15,0.03614457831325301,462,3838,12.04,32,0.07441860465116279,506,4510,10.47,44,0.09523809523809523
11367,11367,636,1102,57.71,,,969,2665,36.36,333,0.5235849056603774,1043,4558,22.88,74,0.07636738906088751,1099,6616,16.61,56,0.053691275167785234,1148,8545,13.43,49,0.044585987261146494,1200,10197,11.77,52,0.04529616724738676,1332,12252,10.87,132,0.11,1447,14512,9.77,115,0.08633633633633633
11368,11368,2563,3279,78.16,,,4191,8420,49.77,1628,0.6351931330472103,4643,16025,28.97,452,0.10785015509424958,4885,21554,22.66,242,0.05212147318544045,5052,27630,18.28,167,0.034186284544524055,5147,30718,16.76,95,0.01880443388756928,5256,35460,14.82,109,0.02117738488439868,5569,40962,12.94,313,0.05955098934550989
11369,11369,953,1275,74.75,,,1488,3133,47.49,535,0.5613850996852047,1631,5437,30.0,143,0.0961021505376344,1686,7044,23.94,55,0.03372164316370325,1727,9086,19.01,41,0.02431791221826809,1750,11027,15.87,23,0.013317892298784018,1802,12820,14.06,52,0.029714285714285714,1909,15058,13.0,107,0.059378468368479466
11370,11370,896,1432,62.57,,,1269,2880,44.06,373,0.41629464285714285,1350,4669,28.91,81,0.06382978723404255,1400,6133,22.83,50,0.037037037037037035,1423,7912,17.99,23,0.016428571428571428,1454,9389,15.49,31,0.02178496134926212,1498,10885,13.76,44,0.030261348005502064,1604,12432,12.91,106,0.07076101468624833
11372,11372,1545,2110,73.22,,,2358,5009,47.08,813,0.5262135922330097,2576,9764,26.38,218,0.09245122985581,2684,13461,19.94,108,0.04192546583850932,2786,17654,15.78,102,0.038002980625931444,2846,20061,14.19,60,0.021536252692031587,2936,23244,12.63,90,0.03162333099086437,3151,27142,11.08,215,0.07322888283378746
11373,11373,1978,2774,71.3,,,3043,6750,45.08,1065,0.538422649140546,3290,12913,25.48,247,0.08116989812684851,3388,17591,19.26,98,0.029787234042553193,3499,23000,15.21,111,0.03276269185360094,3546,26102,13.59,47,0.013432409259788511,3690,30603,12.06,144,0.04060913705583756,4018,35374,10.97,328,0.08888888888888889
11374,11374,727,1264,57.52,,,1012,2793,36.23,285,0.3920220082530949,1079,4893,22.05,67,0.06620553359683795,1124,6675,16.84,45,0.04170528266913809,1173,8895,13.19,49,0.04359430604982206,1234,10620,11.62,61,0.05200341005967604,1362,13157,10.35,128,0.10372771474878444,1498,15244,9.33,136,0.09985315712187959
11375,11375,1026,1894,54.17,,,1442,4063,35.49,416,0.40545808966861596,1528,7376,20.72,86,0.059639389736477116,1501,10327,14.53,-27,-0.01767015706806283,1567,13904,11.27,66,0.04397068620919387,1662,17155,9.69,95,0.06062539885130823,1799,21308,8.44,137,0.08243080625752106,1972,25191,7.69,173,0.09616453585325181
11377,11377,1253,1900,65.95,,,2056,5270,39.01,803,0.6408619313647247,2306,11112,20.75,250,0.12159533073929961,2393,15374,15.57,87,0.03772766695576756,2479,20358,12.18,86,0.03593815294609277,2533,24336,10.41,54,0.021782977006857603,2653,28371,9.35,120,0.0473746545598105,2945,33151,8.85,292,0.11006407840180928
11378,11378,426,743,57.34,,,700,1974,35.46,274,0.6431924882629108,760,3861,19.68,60,0.08571428571428572,782,5282,14.8,22,0.02894736842105263,811,7117,11.4,29,0.0370843989769821,840,8578,9.79,29,0.035758323057953144,874,10132,8.63,34,0.04047619047619048,973,11850,8.19,99,0.11327231121281464
11379,11379,476,876,54.34,,,765,2156,35.48,289,0.6071428571428571,813,3840,21.17,48,0.06274509803921569,857,5632,15.22,44,0.05412054120541206,884,7502,11.78,27,0.03150525087514586,909,9000,10.1,25,0.02828054298642534,970,10855,8.94,61,0.0671067106710671,1074,12764,8.48,104,0.10721649484536082
11385,11385,1167,1976,59.06,,,2016,5241,38.47,849,0.7275064267352185,2201,9822,22.41,185,0.09176587301587301,2303,14312,16.09,102,0.046342571558382555,2415,19592,12.33,112,0.0486322188449848,2488,23326,10.67,73,0.030227743271221533,2617,27806,9.41,129,0.05184887459807074,2943,32184,8.96,326,0.12457011845624762
11411,11411,443,660,67.12,,,647,1465,44.16,204,0.4604966139954853,691,2393,28.88,44,0.06800618238021638,713,3043,23.43,22,0.03183791606367583,727,3900,18.64,14,0.019635343618513323,733,4453,16.46,6,0.008253094910591471,762,5178,14.72,29,0.03956343792633015,793,5922,12.66,31,0.04068241469816273
11412,11412,759,1185,64.05,,,1180,2762,42.72,421,0.5546772068511199,1252,4429,28.27,72,0.061016949152542375,1293,5776,22.39,41,0.03274760383386582,1325,7469,17.74,32,0.02474864655839134,1338,8724,15.34,13,0.009811320754716982,1363,10221,13.34,25,0.01868460388639761,1447,11921,11.69,84,0.061628760088041086
11413,11413,820,1281,64.01,,,1232,2914,42.28,412,0.5024390243902439,1329,4691,28.33,97,0.07873376623376624,1372,6060,22.64,43,0.03235515425131678,1408,7856,17.92,36,0.026239067055393587,1430,9301,15.37,22,0.015625,1479,10963,13.49,49,0.03426573426573427,1528,12584,11.82,49,0.03313049357674104
11414,11414,537,878,61.16,,,775,1860,41.67,238,0.44320297951582865,806,2924,27.56,31,0.04,834,3945,21.14,28,0.034739454094292806,864,5252,16.45,30,0.03597122302158273,886,6303,14.06,22,0.02546296296296296,951,7675,12.39,65,0.07336343115124154,1003,8956,10.92,52,0.054679284963196635
11415,11415,322,559,57.6,,,502,1331,37.72,180,0.5590062111801242,538,2383,22.58,36,0.07171314741035857,554,3158,17.54,16,0.02973977695167286,564,4161,13.55,10,0.018050541516245487,596,5096,11.7,32,0.05673758865248227,661,6447,10.25,65,0.10906040268456375,704,7554,9.35,43,0.06505295007564296
11416,11416,359,552,65.04,,,659,1498,43.99,300,0.8356545961002786,721,2670,27.0,62,0.09408194233687406,749,3523,21.26,28,0.038834951456310676,777,4660,16.67,28,0.037383177570093455,804,5584,14.4,27,0.03474903474903475,872,6755,12.91,68,0.0845771144278607,966,8011,11.73,94,0.10779816513761468
11417,11417,469,767,61.15,,,833,2071,40.22,364,0.7761194029850746,898,3592,25.0,65,0.07803121248499399,921,4693,19.62,23,0.025612472160356347,949,6168,15.39,28,0.03040173724212812,959,7319,13.1,10,0.01053740779768177,1007,8706,11.57,48,0.05005213764337852,1075,10244,10.61,68,0.06752730883813307
11418,11418,578,919,62.89,,,1010,2509,40.26,432,0.7474048442906575,1118,4167,26.83,108,0.10693069306930693,1175,5708,20.59,57,0.050983899821109124,1197,7383,16.21,22,0.01872340425531915,1228,8283,14.83,31,0.025898078529657476,1281,9961,12.86,53,0.04315960912052117,1422,11934,11.23,141,0.11007025761124122
11419,11419,611,973,62.8,,,1095,2603,42.07,484,0.7921440261865794,1217,4536,26.83,122,0.11141552511415526,1264,5829,21.68,47,0.038619556285949055,1305,7516,17.36,41,0.03243670886075949,1337,8888,15.04,32,0.024521072796934867,1398,10658,13.12,61,0.0456245325355273,1508,12711,11.76,110,0.07868383404864092
11420,11420,759,1193,63.62,,,1281,3102,41.3,522,0.6877470355731226,1379,5020,27.47,98,0.07650273224043716,1428,6538,21.84,49,0.03553299492385787,1471,8332,17.65,43,0.03011204481792717,1520,9560,15.9,49,0.03331067301155676,1586,11366,13.95,66,0.04342105263157895,1700,13290,12.14,114,0.07187894073139975
11421,11421,677,1011,66.96,,,1123,2688,41.78,446,0.6587887740029542,1208,4518,26.74,85,0.07569011576135352,1248,6070,20.56,40,0.033112582781456956,1298,7927,16.37,50,0.04006410256410257,1331,9040,14.72,33,0.025423728813559324,1388,10551,13.16,57,0.04282494365138993,1511,12538,11.72,123,0.08861671469740634
11422,11422,606,1004,60.36,,,924,2221,41.6,318,0.5247524752475248,991,3650,27.15,67,0.07251082251082251,1035,4752,21.78,44,0.044399596367305755,1066,6143,17.35,31,0.02995169082125604,1089,7166,15.2,23,0.021575984990619138,1104,8485,13.01,15,0.013774104683195593,1154,9703,11.7,50,0.04528985507246377
11423,11423,556,878,63.33,,,1010,2370,42.62,454,0.8165467625899281,1090,3868,28.18,80,0.07920792079207921,1127,4961,22.72,37,0.03394495412844037,1155,6334,18.23,28,0.024844720496894408,1185,7640,15.51,30,0.025974025974025976,1242,8982,13.83,57,0.04810126582278481,1329,10399,13.05,87,0.07004830917874397
11426,11426,319,564,56.56,,,485,1187,40.86,166,0.5203761755485894,498,2006,24.83,13,0.026804123711340205,514,2677,19.2,16,0.0321285140562249,531,3474,15.28,17,0.033073929961089495,546,4131,13.22,15,0.02824858757062147,572,4900,11.67,26,0.047619047619047616,620,5720,10.91,48,0.08391608391608392
11427,11427,483,806,59.93,,,735,1792,41.02,252,0.5217391304347826,795,3039,26.16,60,0.08163265306122448,817,4000,20.43,22,0.027672955974842768,837,5137,16.29,20,0.02447980416156671,856,5959,14.36,19,0.022700119474313024,893,6932,12.88,37,0.04322429906542056,943,7988,11.3,50,0.055991041433370664
11428,11428,396,625,63.36,,,635,1383,45.91,239,0.6035353535353535,683,2293,29.79,48,0.07559055118110236,693,2998,23.12,10,0.014641288433382138,710,3876,18.32,17,0.024531024531024532,720,4390,16.4,10,0.014084507042253521,741,5151,14.39,21,0.029166666666666667,786,6031,12.5,45,0.06072874493927125
11429,11429,595,857,69.43,,,881,1893,46.54,286,0.48067226890756304,963,3550,27.13,82,0.09307604994324631,1002,4609,21.74,39,0.040498442367601244,1025,5765,17.78,23,0.022954091816367265,1045,6827,15.31,20,0.01951219512195122,1089,8049,13.53,44,0.042105263157894736,1161,9297,11.94,72,0.06611570247933884
11432,11432,937,1445,64.84,,,1675,3855,43.45,738,0.7876200640341515,1857,7211,25.75,182,0.10865671641791044,1917,9567,20.04,60,0.03231017770597738,1989,12375,16.07,72,0.03755868544600939,2049,13984,14.65,60,0.030165912518853696,2216,16994,13.04,167,0.08150317227916057,2388,19948,10.97,172,0.0776173285198556
11433,11433,529,803,65.88,,,880,2115,41.61,351,0.6635160680529301,966,3752,25.75,86,0.09772727272727273,992,4915,20.18,26,0.026915113871635612,1032,6511,15.85,40,0.04032258064516129,1052,7724,13.62,20,0.01937984496124031,1096,9124,12.01,44,0.04182509505703422,1157,10589,10.95,61,0.055656934306569344
11434,11434,1190,1859,64.01,,,1913,4720,40.53,723,0.607563025210084,2122,7902,26.85,209,0.10925248301097752,2192,10116,21.67,70,0.03298774740810556,2237,13022,17.18,45,0.02052919708029197,2280,15208,14.99,43,0.019222172552525705,2332,17785,13.11,52,0.02280701754385965,2442,20628,11.65,110,0.04716981132075472
11435,11435,884,1449,61.01,,,1520,3740,40.64,636,0.7194570135746606,1653,6558,25.21,133,0.0875,1704,8571,19.88,51,0.030852994555353903,1753,10892,16.09,49,0.028755868544600938,1815,12506,14.51,62,0.03536794067313177,1924,14929,12.89,109,0.06005509641873278,2075,17578,11.71,151,0.07848232848232849
11436,11436,303,466,65.02,,,493,1236,39.89,190,0.6270627062706271,533,2072,25.72,40,0.08113590263691683,560,2720,20.59,27,0.05065666041275797,578,3453,16.74,18,0.03214285714285714,590,4043,14.59,12,0.020761245674740483,610,4815,12.67,20,0.03389830508474576,649,5647,10.93,39,0.06393442622950819
11691,11691,1302,1904,68.38,,,2111,4736,44.57,809,0.6213517665130568,2422,9954,24.33,311,0.14732354334438655,2535,13386,18.94,113,0.04665565648224608,2629,16276,16.15,94,0.03708086785009862,2789,19135,14.58,160,0.060859642449600605,3108,22353,13.9,319,0.11437791323054858,3270,25539,12.55,162,0.052123552123552123
11692,11692,343,540,63.52,,,554,1322,41.91,211,0.6151603498542274,629,2934,21.44,75,0.13537906137184116,664,3763,17.65,35,0.05564387917329094,693,4851,14.29,29,0.043674698795180725,715,5483,13.04,22,0.031746031746031744,738,6415,11.5,23,0.032167832167832165,767,7308,10.43,29,0.03929539295392954
11693,11693,228,384,59.38,,,309,768,40.23,81,0.35526315789473684,333,1330,25.04,24,0.07766990291262135,344,1830,18.8,11,0.03303303303303303,349,2365,14.76,5,0.014534883720930232,353,2748,12.85,4,0.011461318051575931,366,3312,11.05,13,0.036827195467422094,406,3918,10.03,40,0.1092896174863388
11694,11694,405,690,58.7,,,658,1771,37.15,253,0.6246913580246913,725,2937,24.69,67,0.10182370820668693,755,3787,19.94,30,0.041379310344827586,775,4858,15.95,20,0.026490066225165563,798,5608,14.23,23,0.02967741935483871,821,6668,12.31,23,0.02882205513784461,893,7869,11.09,72,0.0876979293544458
11697,11697,69,139,49.64,,,89,387,23.0,20,0.2898550724637681,109,1185,9.2,20,0.2247191011235955,111,1323,8.39,2,0.01834862385321101,113,1524,7.41,2,0.018018018018018018,121,1659,7.29,8,0.07079646017699115,125,1853,6.75,4,0.03305785123966942,141,2097,6.77,16,0.128
