,zipcode,bd,2018-06,2018-07,2018-08,2018-09,2018-10,2018-11,2018-12,2019-01,2019-02,2019-03,2019-04,2019-05,2019-06,2019-07,2019-08,2019-09,2019-10,2019-11,2019-12,2020-01,2020-02,2020-03,2020-04,2020-05,2020-06,2020-07,2020-08,2020-09,2020-10
0,10001,0.0,2834.0,2850.0,2875.0,2875.0,2829.0,2875.0,2963.0,2900.0,3042.0,3000.0,2976.0,2976.0,2995.0,3125.0,3050.0,3050.0,3089.0,3100.0,3150.0,3000.0,3073.0,3075.0,2963.0,2850.0,2704.0,2554.0,2500.0,2465.0,2400.0
1,10001,1.0,3872.0,3848.0,4033.0,4165.0,3988.0,3995.0,4003.0,4179.0,4295.0,4202.0,4200.0,4248.0,4450.0,4396.0,4365.0,4237.0,4231.0,4217.0,4200.0,4150.0,4193.0,4175.0,3999.0,3850.0,3693.0,3500.0,3400.0,3308.0,3381.0
2,10001,2.0,5800.0,5595.0,5500.0,5997.0,5927.0,5975.0,6193.0,6200.0,6056.0,5954.0,6000.0,5895.0,6000.0,5995.0,6048.0,5903.0,5775.0,5900.0,6190.0,6068.0,6184.0,6170.0,5940.0,5478.0,5031.0,4975.0,4963.0,5076.0,5000.0
3,10001,3.0,6708.0,7000.0,7250.0,7125.0,7500.0,10600.0,9998.0,10375.0,10250.0,10250.0,7200.0,7295.0,7598.0,7700.0,7175.0,9275.0,10400.0,9495.0,10500.0,10200.0,12500.0,13250.0,9700.0,6995.0,6450.0,6200.0,5995.0,6600.0,6600.0
4,10002,0.0,2400.0,2200.0,2199.0,2150.0,2173.0,2100.0,2074.0,2195.0,2200.0,2200.0,2173.0,2225.0,2250.0,2250.0,2225.0,2344.0,2900.0,3108.0,2695.0,2695.0,2598.0,2700.0,2525.0,2325.0,2099.0,2049.0,2100.0,1900.0,2095.0
5,10002,1.0,2650.0,2695.0,2713.0,2900.0,2800.0,2650.0,2700.0,2745.0,2800.0,2795.0,2703.0,2895.0,2898.0,2841.0,2900.0,3195.0,3195.0,2995.0,3238.0,3425.0,3650.0,3000.0,2900.0,2760.0,2650.0,2500.0,2495.0,2400.0,2350.0
6,10002,2.0,3250.0,3300.0,3400.0,3450.0,3595.0,3500.0,3473.0,3500.0,3600.0,3495.0,3425.0,3495.0,3575.0,3498.0,3500.0,3600.0,3700.0,3750.0,3780.0,4325.0,4200.0,3999.0,3725.0,3400.0,3199.0,2995.0,2916.0,2800.0,2895.0
7,10002,3.0,4850.0,4800.0,4655.0,4595.0,4500.0,4812.0,4650.0,4500.0,4495.0,4500.0,4750.0,5000.0,4890.0,4900.0,5075.0,5775.0,5795.0,5495.0,5448.0,6495.0,6000.0,4995.0,4995.0,4995.0,4800.0,4578.0,4082.0,3995.0,3911.0
8,10003,0.0,2740.0,2749.3333333333335,2763.3333333333335,2798.0,2733.3333333333335,2796.0,2741.3333333333335,2805.3333333333335,2848.3333333333335,2768.0,2828.3333333333335,2861.0,2877.0,2862.0,2843.3333333333335,2881.6666666666665,2837.0,2787.6666666666665,2849.0,2901.6666666666665,2915.0,2829.0,2665.0,2593.6666666666665,2601.3333333333335,2489.0,2420.6666666666665,2356.3333333333335,2362.0
9,10003,1.0,3637.6666666666665,3681.6666666666665,3627.6666666666665,3681.6666666666665,3689.3333333333335,3644.3333333333335,3761.6666666666665,3836.0,3855.3333333333335,3838.6666666666665,3875.0,3915.0,3798.3333333333335,3917.3333333333335,3895.3333333333335,3966.6666666666665,3935.0,3899.3333333333335,3802.3333333333335,3819.0,3883.3333333333335,3881.6666666666665,3702.3333333333335,3551.6666666666665,3429.6666666666665,3361.6666666666665,3259.6666666666665,3281.6666666666665,3190.0
10,10003,2.0,5240.666666666667,5131.666666666667,5164.0,5370.666666666667,5512.666666666667,5548.333333333333,5683.333333333333,5765.0,5633.333333333333,5553.0,5596.0,5466.666666666667,5348.333333333333,5315.0,5361.333333333333,5537.666666666667,5632.0,5734.666666666667,5908.333333333333,5777.0,5644.666666666667,5578.666666666667,5576.333333333333,5016.666666666667,4649.333333333333,4540.333333333333,4578.333333333333,4659.666666666667,4616.666666666667
11,10003,3.0,7543.333333333333,7640.0,8495.666666666666,9197.0,10268.333333333334,11946.0,10266.666666666666,10100.0,11925.666666666666,11550.0,8371.666666666666,8450.0,8431.666666666666,8986.666666666666,8937.333333333334,9586.666666666666,9956.0,11352.0,11061.666666666666,10886.0,10215.0,9333.333333333334,10626.333333333334,8658.333333333334,8236.0,8116.0,7338.333333333333,7065.0,7100.0
12,10004,0.0,3005.0,3093.5,3206.5,3175.0,3087.5,2942.0,2920.5,3042.5,3072.5,3127.0,3137.5,3164.0,3150.0,3276.0,3272.5,3173.5,3159.0,3109.5,3109.5,3192.5,3161.5,3145.0,3090.5,2960.5,2750.5,2625.0,2547.5,2595.5,2614.0
13,10004,1.0,3800.0,3996.5,3967.0,3900.0,3867.5,3887.5,3860.0,3848.0,3997.0,3966.0,4000.5,4072.5,4083.0,4039.0,4011.0,3975.5,3919.0,4084.5,4005.0,3912.5,3961.0,3925.0,3895.5,3711.0,3529.5,3440.0,3366.0,3412.5,3430.0
14,10004,2.0,6136.5,6129.5,6081.0,5778.0,5899.0,5825.0,5810.0,6129.0,6038.0,6044.0,6125.0,6155.5,6429.0,6206.0,6120.0,5988.0,5848.0,5968.5,5921.0,5940.0,6019.0,6154.0,6019.5,5924.0,5784.5,5760.0,5709.5,5765.0,5725.0
15,10004,3.0,9725.0,9744.0,9297.5,9225.0,9208.5,9250.0,8875.0,9104.5,10144.0,9903.5,9111.5,8937.5,8650.0,8450.0,8291.5,7909.0,8249.0,8198.0,8700.0,9180.0,9000.0,9685.5,8653.0,8450.0,8384.0,8359.5,8307.5,8472.5,8362.5
16,10005,0.0,2920.0,3027.0,3063.0,3000.0,2975.0,2931.0,2933.0,2935.0,2995.0,3028.0,3100.0,3153.0,3150.0,3169.0,3150.0,3084.0,3100.0,3119.0,3091.0,3112.0,3050.0,2995.0,2928.0,2846.0,2700.0,2645.0,2500.0,2430.0,2500.0
17,10005,1.0,3950.0,4050.0,3991.0,3995.0,3985.0,4000.0,3965.0,4031.0,4008.0,3969.0,4078.0,4195.0,4056.0,4078.0,4022.0,3978.0,3940.0,4015.0,4015.0,4000.0,4022.0,3950.0,3891.0,3766.0,3650.0,3495.0,3432.0,3450.0,3500.0
18,10005,2.0,5350.0,5409.0,5262.0,5180.0,5348.0,5160.0,5100.0,5345.0,5276.0,5275.0,5500.0,5486.0,5495.0,5600.0,5375.0,5274.0,4996.0,5137.0,5076.0,5142.0,5300.0,5108.0,5141.0,5000.0,4769.0,4770.0,4675.0,4900.0,4950.0
19,10005,3.0,6750.0,6788.0,6095.0,6450.0,6417.0,6500.0,6500.0,6084.0,6475.0,6857.0,6223.0,6000.0,6000.0,6300.0,6033.0,5843.0,5598.0,5446.0,6500.0,6400.0,5500.0,6871.0,7306.0,6600.0,6268.0,5769.0,5640.0,5995.0,5775.0
20,10006,0.0,2920.0,3027.0,3063.0,3000.0,2975.0,2931.0,2933.0,2935.0,2995.0,3028.0,3100.0,3153.0,3150.0,3169.0,3150.0,3084.0,3100.0,3119.0,3091.0,3112.0,3050.0,2995.0,2928.0,2846.0,2700.0,2645.0,2500.0,2430.0,2500.0
21,10006,1.0,3950.0,4050.0,3991.0,3995.0,3985.0,4000.0,3965.0,4031.0,4008.0,3969.0,4078.0,4195.0,4056.0,4078.0,4022.0,3978.0,3940.0,4015.0,4015.0,4000.0,4022.0,3950.0,3891.0,3766.0,3650.0,3495.0,3432.0,3450.0,3500.0
22,10006,2.0,5350.0,5409.0,5262.0,5180.0,5348.0,5160.0,5100.0,5345.0,5276.0,5275.0,5500.0,5486.0,5495.0,5600.0,5375.0,5274.0,4996.0,5137.0,5076.0,5142.0,5300.0,5108.0,5141.0,5000.0,4769.0,4770.0,4675.0,4900.0,4950.0
23,10006,3.0,6750.0,6788.0,6095.0,6450.0,6417.0,6500.0,6500.0,6084.0,6475.0,6857.0,6223.0,6000.0,6000.0,6300.0,6033.0,5843.0,5598.0,5446.0,6500.0,6400.0,5500.0,6871.0,7306.0,6600.0,6268.0,5769.0,5640.0,5995.0,5775.0
24,10007,0.0,3870.0,3603.0,4095.0,4420.0,4343.0,4470.0,3900.0,3857.0,3850.0,3655.0,3665.0,3875.0,4083.0,4045.0,4050.0,4275.0,4325.0,4225.0,3870.0,3595.0,3570.0,3418.0,3364.0,3364.0,3450.0,3475.0,3315.0,3295.0,3235.0
25,10007,1.0,4673.0,4500.0,4598.0,4795.0,4900.0,4798.0,4795.0,4698.0,4513.0,4695.0,4695.0,4895.0,4795.0,5030.0,4995.0,5285.0,5085.0,5293.0,5400.0,5113.0,5125.0,4998.0,4995.0,4985.0,5095.0,4900.0,4850.0,4800.0,4500.0
26,10007,2.0,7695.0,7875.0,8000.0,7850.0,8050.0,8700.0,8332.0,8050.0,8025.0,7800.0,7725.0,7138.0,7000.0,7600.0,7400.0,7750.0,8255.0,7950.0,9250.0,9500.0,8500.0,8250.0,7620.0,8025.0,8000.0,7750.0,7750.0,7619.0,7995.0
27,10007,3.0,13950.0,13998.0,14968.0,13950.0,14992.0,15500.0,15500.0,15244.0,15494.0,14875.0,14875.0,14625.0,16500.0,18275.0,18110.0,17500.0,18263.0,18036.0,18304.0,18036.0,17725.0,18036.0,16558.0,16250.0,15975.0,14995.0,14500.0,15000.0,15625.0
28,10009,0.0,2295.0,2278.0,2295.0,2213.0,2150.0,2195.0,2199.0,2350.0,2275.0,2175.0,2295.0,2325.0,2383.0,2375.0,2300.0,2395.0,2300.0,2300.0,2300.0,2350.0,2375.0,2363.0,2300.0,2200.0,2199.0,2102.0,2049.0,1975.0,1992.0
29,10009,1.0,3050.0,3172.0,3145.0,3180.0,3179.5,3006.0,3123.5,3126.0,3133.0,3158.0,3251.0,3287.5,3272.0,3346.0,3258.5,3342.5,3313.0,3356.0,3269.5,3331.0,3413.5,3376.0,3316.5,3175.5,3158.5,3127.5,2871.5,2829.5,2969.5
30,10009,2.0,3646.0,3600.0,3600.0,3595.0,3600.0,3650.0,3537.0,3500.0,3600.0,3613.0,3613.0,3600.0,3695.0,3700.0,3664.0,3690.0,3685.0,3795.0,3700.0,3698.0,3753.0,3500.0,3550.0,3500.0,3399.0,3200.0,3095.0,3000.0,2850.0
31,10009,3.0,5095.0,5025.0,5000.0,4995.0,4855.0,4838.0,4800.0,4800.0,4800.0,4900.0,5165.0,5450.0,5300.0,5200.0,5400.0,5300.0,5100.0,5100.0,5650.0,5448.0,5395.0,5500.0,5381.0,5000.0,4960.0,4600.0,4295.0,4200.0,4000.0
32,10010,0.0,3025.0,3037.5,3079.0,3153.0,2975.0,2999.0,2937.5,2944.0,3137.5,3111.0,3102.0,3150.5,3172.5,3223.0,3115.0,3100.0,3083.0,2956.5,3046.0,3080.0,3175.0,3016.0,2874.5,2818.0,2740.0,2652.0,2596.5,2530.0,2518.5
33,10010,1.0,3750.0,3833.0,3820.6666666666665,3870.0,3892.3333333333335,3780.6666666666665,3922.3333333333335,3888.3333333333335,3969.6666666666665,4027.3333333333335,4079.6666666666665,4141.666666666667,4161.333333333333,4205.666666666667,4153.0,4195.0,4055.3333333333335,4045.0,4015.3333333333335,4073.6666666666665,4112.333333333333,4107.333333333333,3858.6666666666665,3717.0,3704.3333333333335,3661.0,3531.0,3488.0,3584.6666666666665
34,10010,2.0,5698.0,5445.0,5497.0,5781.0,5867.5,5935.5,6177.5,6179.5,6093.0,5736.5,5537.5,5672.5,5772.5,5721.5,5512.5,5675.0,5740.5,5992.0,6428.0,6520.0,6297.5,5871.5,5782.0,5300.0,5030.0,4927.0,4820.0,4874.5,4912.0
35,10010,3.0,7005.0,7816.5,8596.0,8210.5,7772.5,9000.0,8895.0,9337.5,8988.5,9322.5,6649.0,6947.5,7397.5,8877.5,8906.0,9030.0,9378.0,8453.0,9583.0,9788.0,7997.5,8897.5,7675.0,7137.5,7547.5,7405.5,7121.5,7110.0,7000.0
36,10011,0.0,2924.6666666666665,2938.3333333333335,2956.6666666666665,2985.3333333333335,2891.3333333333335,2924.3333333333335,2962.0,2911.3333333333335,3080.0,3062.0,3070.3333333333335,3046.6666666666665,3078.3333333333335,3158.6666666666665,3118.3333333333335,3097.3333333333335,3059.0,3036.0,3102.3333333333335,3068.3333333333335,3098.6666666666665,3083.6666666666665,2942.3333333333335,2823.0,2715.3333333333335,2585.0,2506.0,2460.0,2449.6666666666665
37,10011,1.0,3937.3333333333335,3916.0,3987.6666666666665,4053.3333333333335,3979.3333333333335,3927.3333333333335,4069.3333333333335,4123.666666666667,4212.666666666667,4183.0,4181.666666666667,4249.333333333333,4322.333333333333,4323.666666666667,4301.0,4219.0,4170.666666666667,4146.666666666667,4102.666666666667,4091.6666666666665,4148.666666666667,4154.333333333333,3977.6666666666665,3798.6666666666665,3651.6666666666665,3500.0,3424.6666666666665,3386.0,3405.6666666666665
38,10011,2.0,5800.333333333333,5596.666666666667,5683.0,5919.666666666667,6055.666666666667,6108.333333333333,6334.666666666667,6333.333333333333,6185.333333333333,5932.666666666667,5891.666666666667,5965.0,5940.0,5746.666666666667,5890.666666666667,5897.0,5932.0,6044.666666666667,6288.333333333333,6228.666666666667,6074.333333333333,6088.333333333333,5939.0,5534.333333333333,5192.0,5047.0,4967.666666666667,5045.0,5100.0
39,10011,3.0,6931.0,7498.333333333333,8080.666666666667,7823.333333333333,7633.333333333333,9244.333333333334,9221.0,9324.333333333334,9142.333333333334,9166.0,6582.0,6775.0,7253.666666666667,8353.333333333334,8195.0,8857.666666666666,9506.0,8583.333333333334,9299.333333333334,9170.0,9416.0,9750.0,8333.333333333334,6755.0,6994.0,6816.0,6615.0,6865.0,6863.666666666667
40,10012,0.0,2400.0,2431.0,2488.3333333333335,2506.3333333333335,2464.3333333333335,2448.3333333333335,2433.3333333333335,2573.0,2446.6666666666665,2524.3333333333335,2908.3333333333335,3030.3333333333335,2864.6666666666665,2550.0,2657.0,2632.3333333333335,2657.6666666666665,2516.6666666666665,2582.3333333333335,2656.6666666666665,2678.0,2645.6666666666665,2727.3333333333335,2548.0,2502.3333333333335,2376.0,2251.6666666666665,2298.0,2199.3333333333335
41,10012,1.0,3111.0,3150.0,3227.6666666666665,3236.0,3480.0,3417.0,3356.6666666666665,3398.3333333333335,3249.3333333333335,3337.6666666666665,3736.0,3580.3333333333335,3393.6666666666665,3439.0,3471.6666666666665,3605.0,3475.0,3375.0,3481.6666666666665,3470.0,3674.3333333333335,3497.6666666666665,3424.3333333333335,3293.3333333333335,3163.3333333333335,3161.6666666666665,3083.0,2999.3333333333335,2833.3333333333335
42,10012,2.0,4458.333333333333,5056.666666666667,4942.0,5376.333333333333,5502.0,5647.0,5769.333333333333,6431.666666666667,6309.666666666667,5798.333333333333,4900.0,5565.666666666667,5516.666666666667,5616.666666666667,5752.666666666667,5624.333333333333,5846.666666666667,6250.0,6407.666666666667,6079.333333333333,6468.666666666667,6290.333333333333,5961.666666666667,4933.333333333333,4615.0,4439.333333333333,4198.333333333333,4671.666666666667,4533.333333333333
43,10012,3.0,8931.666666666666,7725.333333333333,8559.333333333334,10664.333333333334,12185.0,13611.0,11000.0,10916.666666666666,13396.0,12627.333333333334,10848.666666666666,10316.666666666666,10431.666666666666,9533.333333333334,9814.333333333334,10831.0,10997.666666666666,13748.333333333334,12990.0,12474.333333333334,12298.333333333334,10574.333333333334,9716.0,7930.0,7343.0,7266.0,6470.0,6581.666666666667,6765.666666666667
44,10013,0.0,2935.0,2851.5,3142.5,3195.5,3118.0,3160.0,2900.0,2965.0,2800.0,2877.5,3095.0,3411.5,3453.0,3072.5,3211.5,3237.0,3237.5,3162.5,3033.5,2910.0,2834.5,2856.5,2928.5,2982.0,2897.5,2784.0,2550.0,2710.0,2524.0
45,10013,1.0,3571.5,3475.0,3541.5,3629.0,3747.5,3624.0,3622.5,3599.0,3544.0,3610.0,4122.5,3985.0,3822.5,3940.0,3959.0,4105.0,3742.5,3796.5,3925.0,3862.5,4212.5,3745.5,3785.0,3840.0,3795.0,3695.0,3620.0,3624.0,3375.0
46,10013,2.0,5647.5,5722.5,5716.5,5552.0,5629.0,6075.5,5941.0,5775.0,5662.5,5650.0,5612.5,5167.5,5250.0,5500.0,5450.0,5575.0,5852.5,5612.5,6424.0,6550.0,6550.0,5965.0,5807.5,5837.5,5800.0,5422.5,5372.5,5257.0,5347.5
47,10013,3.0,9822.5,9638.0,10325.5,9472.5,9923.5,10169.0,10000.0,9872.0,10091.0,9878.5,9736.5,9912.5,11150.0,12037.5,12052.5,11747.5,12129.0,12015.5,12149.5,11742.0,11560.0,11479.5,11129.0,10522.5,10481.5,9896.5,9408.5,9500.0,9811.0
48,10014,0.0,2795.0,2750.0,2885.0,2800.0,2798.0,2895.0,2873.0,3000.0,3000.0,2995.0,2995.0,2975.0,3150.0,3000.0,2895.0,3000.0,2973.0,2900.0,2995.0,3100.0,3100.0,3000.0,2998.0,2798.0,2666.0,2600.0,2500.0,2500.0,2500.0
49,10014,1.0,3795.0,3795.0,3850.0,3850.0,3750.0,3882.0,3750.0,3795.0,3700.0,3698.0,3725.0,3800.0,3898.0,3995.0,3895.0,3885.0,3859.0,3850.0,3995.0,4025.0,4000.0,4100.0,4029.0,3598.0,3495.0,3495.0,3350.0,3252.0,3200.0
50,10014,2.0,4595.0,4395.0,4495.0,4600.0,4648.0,4795.0,5300.0,5145.0,4650.0,4623.0,4500.0,4500.0,4795.0,4698.0,4698.0,4875.0,4900.0,5400.0,5873.0,5873.0,5273.0,5285.0,5000.0,4307.0,4359.0,4243.0,4034.0,4000.0,3795.0
51,10014,3.0,6500.0,6473.0,6948.0,7500.0,8098.0,13000.0,13500.0,11000.0,8998.0,8848.0,8725.0,7875.0,7100.0,7795.0,7900.0,9400.0,9998.0,13875.0,13125.0,12500.0,13000.0,9450.0,7850.0,6625.0,6625.0,6500.0,6000.0,6500.0,6500.0
52,10016,0.0,2450.0,2495.0,2495.0,2450.0,2450.0,2450.0,2495.0,2450.0,2500.0,2450.0,2500.0,2550.0,2584.0,2550.0,2550.0,2500.0,2500.0,2538.0,2500.0,2500.0,2500.0,2500.0,2500.0,2475.0,2350.0,2250.0,2177.0,2100.0,2000.0
53,10016,1.0,3319.0,3330.0,3350.0,3395.0,3369.0,3395.0,3415.0,3395.0,3400.0,3483.0,3500.0,3495.0,3493.0,3500.0,3500.0,3499.0,3483.0,3499.0,3470.0,3500.0,3500.0,3500.0,3395.0,3208.0,3100.0,3000.0,2917.0,2871.0,2800.0
54,10016,2.0,4400.0,4250.0,4258.0,4195.0,4200.0,4237.0,4300.0,4315.0,4300.0,4114.0,4107.0,4062.0,4000.0,4200.0,4500.0,4495.0,4500.0,4550.0,4645.0,4575.0,4500.0,4558.0,4480.0,4015.0,3700.0,3600.0,3495.0,3500.0,3495.0
55,10016,3.0,5900.0,5875.0,5790.0,5925.0,5789.0,6000.0,6335.0,6444.0,6814.0,6496.0,6495.0,6150.0,6249.0,6400.0,6283.0,6600.0,6600.0,6600.0,6997.0,6650.0,6925.0,6973.0,6000.0,5524.0,5500.0,5050.0,4750.0,4700.0,4533.0
56,10017,0.0,2450.0,2495.0,2495.0,2450.0,2450.0,2450.0,2495.0,2450.0,2500.0,2450.0,2500.0,2550.0,2584.0,2550.0,2550.0,2500.0,2500.0,2538.0,2500.0,2500.0,2500.0,2500.0,2500.0,2475.0,2350.0,2250.0,2177.0,2100.0,2000.0
57,10017,1.0,3319.0,3330.0,3350.0,3395.0,3369.0,3395.0,3415.0,3395.0,3400.0,3483.0,3500.0,3495.0,3493.0,3500.0,3500.0,3499.0,3483.0,3499.0,3470.0,3500.0,3500.0,3500.0,3395.0,3208.0,3100.0,3000.0,2917.0,2871.0,2800.0
58,10017,2.0,4400.0,4250.0,4258.0,4195.0,4200.0,4237.0,4300.0,4315.0,4300.0,4114.0,4107.0,4062.0,4000.0,4200.0,4500.0,4495.0,4500.0,4550.0,4645.0,4575.0,4500.0,4558.0,4480.0,4015.0,3700.0,3600.0,3495.0,3500.0,3495.0
59,10017,3.0,5900.0,5875.0,5790.0,5925.0,5789.0,6000.0,6335.0,6444.0,6814.0,6496.0,6495.0,6150.0,6249.0,6400.0,6283.0,6600.0,6600.0,6600.0,6997.0,6650.0,6925.0,6973.0,6000.0,5524.0,5500.0,5050.0,4750.0,4700.0,4533.0
60,10018,0.0,2690.0,2690.0,2700.0,2650.0,2695.0,2700.0,2798.0,2741.0,2823.0,2857.0,2850.0,2801.0,2890.0,2890.0,2875.0,2892.0,2850.0,2795.0,2860.0,2845.0,2848.0,2844.0,2758.0,2633.0,2512.0,2396.0,2300.0,2250.0,2250.0
61,10018,1.0,3440.0,3400.0,3450.0,3495.0,3432.0,3407.0,3500.0,3429.0,3500.0,3531.0,3553.0,3600.0,3622.0,3650.0,3674.0,3620.0,3646.0,3600.0,3596.0,3566.0,3598.0,3593.0,3458.0,3306.0,3167.0,3000.0,2924.0,2850.0,2916.0
62,10018,2.0,4400.0,4200.0,4550.0,4745.0,4800.0,4850.0,4811.0,5000.0,5000.0,4798.0,4500.0,4700.0,4570.0,4500.0,4699.0,4838.0,5000.0,5000.0,5150.0,5123.0,5139.0,5100.0,4998.0,4625.0,4246.0,3995.0,3800.0,3700.0,3800.0
63,10018,3.0,5500.0,5500.0,5500.0,5497.0,5400.0,5133.0,5165.0,5348.0,5200.0,4998.0,5046.0,5130.0,5163.0,5400.0,5498.0,5338.0,5350.0,5299.0,5363.0,5350.0,5498.0,5500.0,5300.0,4295.0,4532.0,4500.0,4125.0,4000.0,3991.0
64,10019,0.0,2295.0,2300.0,2295.0,2200.0,2200.0,2250.0,2300.0,2300.0,2350.0,2398.0,2350.0,2300.0,2300.0,2300.0,2300.0,2350.0,2350.0,2450.0,2450.0,2475.0,2450.0,2390.0,2294.0,2217.0,2195.0,2100.0,2026.0,1995.0,1950.0
65,10019,1.0,4475.0,4874.0,4900.0,5025.0,4950.0,4946.5,5075.0,4992.5,4850.0,4601.5,4674.5,4410.0,4512.5,4500.0,4400.0,4437.5,4572.5,4878.0,4928.5,4950.0,4921.0,4682.5,4410.5,4300.0,4175.0,3963.5,3975.0,4043.0,4153.5
66,10019,2.0,6600.0,6950.0,7237.5,7289.5,7362.5,7650.0,7950.0,7331.0,7351.0,7213.5,6797.5,6633.0,6497.5,6863.5,7550.0,7916.0,8299.0,7718.5,7684.0,8223.0,8399.0,8197.5,8274.0,8000.0,7964.5,6650.0,6562.0,6522.5,6796.0
67,10019,3.0,6963.0,6000.0,6800.0,7000.0,7000.0,7950.0,7995.0,8095.0,7682.0,6962.0,6785.0,7048.0,6850.0,6400.0,6409.0,6500.0,7333.0,7950.0,8575.0,8760.0,8448.0,8000.0,7285.0,6925.0,6559.0,6600.0,6050.0,6000.0,6000.0
68,10021,0.0,2050.0,2050.0,2099.0,2100.0,2130.0,2104.0,2150.0,2100.0,2150.0,2150.0,2150.0,2175.0,2150.0,2108.0,2150.0,2150.0,2150.0,2195.0,2250.0,2250.0,2225.0,2245.0,2228.0,2150.0,2062.0,1995.0,1950.0,1900.0,1890.0
69,10021,1.0,2800.0,2795.0,2775.0,2795.0,2850.0,2900.0,2950.0,2950.0,2995.0,2925.0,2850.0,2850.0,2950.0,2895.0,2795.0,2800.0,2900.0,3000.0,3098.0,3150.0,3150.0,3150.0,3000.0,2931.0,2840.0,2700.0,2550.0,2510.0,2500.0
70,10021,2.0,3400.0,3497.0,3495.0,3600.0,3500.0,3625.0,3850.0,3950.0,3900.0,3800.0,3685.0,3450.0,3495.0,3600.0,3618.0,4000.0,4597.0,4995.0,5000.0,4902.0,4800.0,4700.0,4600.0,3900.0,3500.0,3500.0,3400.0,3300.0,3100.0
71,10021,3.0,7375.0,6800.0,6998.0,7995.0,8000.0,8498.0,8995.0,8995.0,8800.0,8995.0,8333.0,8545.0,8000.0,7000.0,7800.0,8948.0,9225.0,9500.0,9898.0,9500.0,11500.0,12500.0,10000.0,8000.0,7200.0,7000.0,6500.0,6500.0,6500.0
72,10022,0.0,2450.0,2495.0,2495.0,2450.0,2450.0,2450.0,2495.0,2450.0,2500.0,2450.0,2500.0,2550.0,2584.0,2550.0,2550.0,2500.0,2500.0,2538.0,2500.0,2500.0,2500.0,2500.0,2500.0,2475.0,2350.0,2250.0,2177.0,2100.0,2000.0
73,10022,1.0,3319.0,3330.0,3350.0,3395.0,3369.0,3395.0,3415.0,3395.0,3400.0,3483.0,3500.0,3495.0,3493.0,3500.0,3500.0,3499.0,3483.0,3499.0,3470.0,3500.0,3500.0,3500.0,3395.0,3208.0,3100.0,3000.0,2917.0,2871.0,2800.0
74,10022,2.0,4400.0,4250.0,4258.0,4195.0,4200.0,4237.0,4300.0,4315.0,4300.0,4114.0,4107.0,4062.0,4000.0,4200.0,4500.0,4495.0,4500.0,4550.0,4645.0,4575.0,4500.0,4558.0,4480.0,4015.0,3700.0,3600.0,3495.0,3500.0,3495.0
75,10022,3.0,5900.0,5875.0,5790.0,5925.0,5789.0,6000.0,6335.0,6444.0,6814.0,6496.0,6495.0,6150.0,6249.0,6400.0,6283.0,6600.0,6600.0,6600.0,6997.0,6650.0,6925.0,6973.0,6000.0,5524.0,5500.0,5050.0,4750.0,4700.0,4533.0
76,10023,0.0,2295.0,2300.0,2295.0,2200.0,2200.0,2250.0,2300.0,2300.0,2350.0,2398.0,2350.0,2300.0,2300.0,2300.0,2300.0,2350.0,2350.0,2450.0,2450.0,2475.0,2450.0,2390.0,2294.0,2217.0,2195.0,2100.0,2026.0,1995.0,1950.0
77,10023,1.0,3100.0,3050.0,3050.0,3100.0,3150.0,3093.0,3150.0,3235.0,3200.0,3203.0,3349.0,3220.0,3275.0,3200.0,3300.0,3375.0,3395.0,3400.0,3395.0,3400.0,3380.0,3365.0,3221.0,3100.0,3000.0,2927.0,2800.0,2757.0,2695.0
78,10023,2.0,4500.0,4400.0,4500.0,4579.0,4750.0,4600.0,4500.0,4662.0,4625.0,4350.0,4300.0,4400.0,4095.0,4200.0,4600.0,4682.0,4700.0,4937.0,4868.0,4946.0,4800.0,4745.0,4800.0,4500.0,4429.0,4300.0,4032.0,3999.0,3900.0
79,10023,3.0,6963.0,6000.0,6800.0,7000.0,7000.0,7950.0,7995.0,8095.0,7682.0,6962.0,6785.0,7048.0,6850.0,6400.0,6409.0,6500.0,7333.0,7950.0,8575.0,8760.0,8448.0,8000.0,7285.0,6925.0,6559.0,6600.0,6050.0,6000.0,6000.0
80,10024,0.0,2295.0,2300.0,2295.0,2200.0,2200.0,2250.0,2300.0,2300.0,2350.0,2398.0,2350.0,2300.0,2300.0,2300.0,2300.0,2350.0,2350.0,2450.0,2450.0,2475.0,2450.0,2390.0,2294.0,2217.0,2195.0,2100.0,2026.0,1995.0,1950.0
81,10024,1.0,3100.0,3050.0,3050.0,3100.0,3150.0,3093.0,3150.0,3235.0,3200.0,3203.0,3349.0,3220.0,3275.0,3200.0,3300.0,3375.0,3395.0,3400.0,3395.0,3400.0,3380.0,3365.0,3221.0,3100.0,3000.0,2927.0,2800.0,2757.0,2695.0
82,10024,2.0,4500.0,4400.0,4500.0,4579.0,4750.0,4600.0,4500.0,4662.0,4625.0,4350.0,4300.0,4400.0,4095.0,4200.0,4600.0,4682.0,4700.0,4937.0,4868.0,4946.0,4800.0,4745.0,4800.0,4500.0,4429.0,4300.0,4032.0,3999.0,3900.0
83,10024,3.0,6963.0,6000.0,6800.0,7000.0,7000.0,7950.0,7995.0,8095.0,7682.0,6962.0,6785.0,7048.0,6850.0,6400.0,6409.0,6500.0,7333.0,7950.0,8575.0,8760.0,8448.0,8000.0,7285.0,6925.0,6559.0,6600.0,6050.0,6000.0,6000.0
84,10025,0.0,2295.0,2300.0,2295.0,2200.0,2200.0,2250.0,2300.0,2300.0,2350.0,2398.0,2350.0,2300.0,2300.0,2300.0,2300.0,2350.0,2350.0,2450.0,2450.0,2475.0,2450.0,2390.0,2294.0,2217.0,2195.0,2100.0,2026.0,1995.0,1950.0
85,10025,1.0,3100.0,3050.0,3050.0,3100.0,3150.0,3093.0,3150.0,3235.0,3200.0,3203.0,3349.0,3220.0,3275.0,3200.0,3300.0,3375.0,3395.0,3400.0,3395.0,3400.0,3380.0,3365.0,3221.0,3100.0,3000.0,2927.0,2800.0,2757.0,2695.0
86,10025,2.0,4500.0,4400.0,4500.0,4579.0,4750.0,4600.0,4500.0,4662.0,4625.0,4350.0,4300.0,4400.0,4095.0,4200.0,4600.0,4682.0,4700.0,4937.0,4868.0,4946.0,4800.0,4745.0,4800.0,4500.0,4429.0,4300.0,4032.0,3999.0,3900.0
87,10025,3.0,6963.0,6000.0,6800.0,7000.0,7000.0,7950.0,7995.0,8095.0,7682.0,6962.0,6785.0,7048.0,6850.0,6400.0,6409.0,6500.0,7333.0,7950.0,8575.0,8760.0,8448.0,8000.0,7285.0,6925.0,6559.0,6600.0,6050.0,6000.0,6000.0
88,10026,0.0,1795.0,1775.0,1795.0,1800.0,1699.0,1700.0,1753.0,1775.0,1750.0,1700.0,1799.0,1820.0,1850.0,1800.0,1825.0,1800.0,1780.0,1735.0,1750.0,1800.0,1800.0,1800.0,1800.0,1834.0,1800.0,1765.0,1700.0,1695.0,1650.0
89,10026,1.0,2200.0,2275.0,2175.0,2100.0,2100.0,2100.0,2100.0,2150.0,2108.0,2100.0,2200.0,2300.0,2325.0,2300.0,2300.0,2300.0,2200.0,2195.0,2197.0,2225.0,2295.0,2295.0,2282.0,2250.0,2250.0,2199.0,2100.0,2100.0,2000.0
90,10026,2.0,2795.0,2750.0,2800.0,2750.0,2600.0,2598.0,2595.0,2685.0,2700.0,2800.0,2850.0,2850.0,2800.0,2775.0,2846.0,2795.0,2795.0,2795.0,2750.0,2795.0,2800.0,2798.0,2725.0,2800.0,2750.0,2700.0,2683.0,2600.0,2550.0
91,10026,3.0,3650.0,3610.0,3700.0,3750.0,3399.0,3230.0,3149.0,3230.0,3400.0,3495.0,3450.0,3850.0,3873.0,3750.0,3800.0,3800.0,3800.0,3800.0,3862.0,3450.0,3375.0,3495.0,4225.0,3890.0,3600.0,3500.0,3250.0,3013.0,2950.0
92,10027,0.0,1795.0,1775.0,1795.0,1800.0,1699.0,1700.0,1753.0,1775.0,1750.0,1700.0,1799.0,1820.0,1850.0,1800.0,1825.0,1800.0,1780.0,1735.0,1750.0,1800.0,1800.0,1800.0,1800.0,1834.0,1800.0,1765.0,1700.0,1695.0,1650.0
93,10027,1.0,2200.0,2275.0,2175.0,2100.0,2100.0,2100.0,2100.0,2150.0,2108.0,2100.0,2200.0,2300.0,2325.0,2300.0,2300.0,2300.0,2200.0,2195.0,2197.0,2225.0,2295.0,2295.0,2282.0,2250.0,2250.0,2199.0,2100.0,2100.0,2000.0
94,10027,2.0,2795.0,2750.0,2800.0,2750.0,2600.0,2598.0,2595.0,2685.0,2700.0,2800.0,2850.0,2850.0,2800.0,2775.0,2846.0,2795.0,2795.0,2795.0,2750.0,2795.0,2800.0,2798.0,2725.0,2800.0,2750.0,2700.0,2683.0,2600.0,2550.0
95,10027,3.0,3650.0,3610.0,3700.0,3750.0,3399.0,3230.0,3149.0,3230.0,3400.0,3495.0,3450.0,3850.0,3873.0,3750.0,3800.0,3800.0,3800.0,3800.0,3862.0,3450.0,3375.0,3495.0,4225.0,3890.0,3600.0,3500.0,3250.0,3013.0,2950.0
96,10028,0.0,2050.0,2050.0,2099.0,2100.0,2130.0,2104.0,2150.0,2100.0,2150.0,2150.0,2150.0,2175.0,2150.0,2108.0,2150.0,2150.0,2150.0,2195.0,2250.0,2250.0,2225.0,2245.0,2228.0,2150.0,2062.0,1995.0,1950.0,1900.0,1890.0
97,10028,1.0,2800.0,2795.0,2775.0,2795.0,2850.0,2900.0,2950.0,2950.0,2995.0,2925.0,2850.0,2850.0,2950.0,2895.0,2795.0,2800.0,2900.0,3000.0,3098.0,3150.0,3150.0,3150.0,3000.0,2931.0,2840.0,2700.0,2550.0,2510.0,2500.0
98,10028,2.0,3400.0,3497.0,3495.0,3600.0,3500.0,3625.0,3850.0,3950.0,3900.0,3800.0,3685.0,3450.0,3495.0,3600.0,3618.0,4000.0,4597.0,4995.0,5000.0,4902.0,4800.0,4700.0,4600.0,3900.0,3500.0,3500.0,3400.0,3300.0,3100.0
99,10028,3.0,7375.0,6800.0,6998.0,7995.0,8000.0,8498.0,8995.0,8995.0,8800.0,8995.0,8333.0,8545.0,8000.0,7000.0,7800.0,8948.0,9225.0,9500.0,9898.0,9500.0,11500.0,12500.0,10000.0,8000.0,7200.0,7000.0,6500.0,6500.0,6500.0
100,10029,0.0,1725.0,1738.0,1825.0,1795.0,1848.0,1750.0,1700.0,1795.0,1828.0,1795.0,1825.0,1800.0,1850.0,1850.0,1823.0,1925.0,1900.0,1850.0,1761.0,1821.0,1823.0,1850.0,1875.0,1800.0,1750.0,1750.0,1744.0,1650.0,1650.0
101,10029,1.0,2050.0,2010.0,2045.0,2083.0,2025.0,2073.0,2000.0,1995.0,2050.0,2145.0,2075.0,2075.0,2075.0,2300.0,2200.0,2100.0,2086.0,2150.0,2100.0,2100.0,2193.0,2200.0,2250.0,2175.0,1975.0,1960.0,1935.0,1900.0,1900.0
102,10029,2.0,2495.0,2495.0,2463.0,2500.0,2495.0,2413.0,2490.0,2495.0,2545.0,2545.0,2494.0,2494.0,2500.0,2538.0,2500.0,2495.0,2475.0,2499.0,2500.0,2600.0,2500.0,2500.0,2595.0,2500.0,2392.0,2450.0,2300.0,2300.0,2250.0
103,10029,3.0,3200.0,3175.0,3250.0,3250.0,3095.0,2875.0,2823.0,3025.0,3013.0,3150.0,3250.0,3395.0,3400.0,3300.0,3300.0,3195.0,3333.0,3000.0,3195.0,3397.0,3355.0,3295.0,3295.0,3295.0,3125.0,2999.0,2950.0,2895.0,2812.0
104,10030,0.0,1795.0,1775.0,1795.0,1800.0,1699.0,1700.0,1753.0,1775.0,1750.0,1700.0,1799.0,1820.0,1850.0,1800.0,1825.0,1800.0,1780.0,1735.0,1750.0,1800.0,1800.0,1800.0,1800.0,1834.0,1800.0,1765.0,1700.0,1695.0,1650.0
105,10030,1.0,2200.0,2275.0,2175.0,2100.0,2100.0,2100.0,2100.0,2150.0,2108.0,2100.0,2200.0,2300.0,2325.0,2300.0,2300.0,2300.0,2200.0,2195.0,2197.0,2225.0,2295.0,2295.0,2282.0,2250.0,2250.0,2199.0,2100.0,2100.0,2000.0
106,10030,2.0,2795.0,2750.0,2800.0,2750.0,2600.0,2598.0,2595.0,2685.0,2700.0,2800.0,2850.0,2850.0,2800.0,2775.0,2846.0,2795.0,2795.0,2795.0,2750.0,2795.0,2800.0,2798.0,2725.0,2800.0,2750.0,2700.0,2683.0,2600.0,2550.0
107,10030,3.0,3650.0,3610.0,3700.0,3750.0,3399.0,3230.0,3149.0,3230.0,3400.0,3495.0,3450.0,3850.0,3873.0,3750.0,3800.0,3800.0,3800.0,3800.0,3862.0,3450.0,3375.0,3495.0,4225.0,3890.0,3600.0,3500.0,3250.0,3013.0,2950.0
108,10031,0.0,1725.0,1713.0,1795.0,1773.0,1536.0,1575.0,1575.0,1585.0,1597.0,1650.0,1650.0,1650.0,1629.0,1673.0,1800.0,1800.0,1800.0,1795.0,1800.0,1750.0,1895.0,1815.0,1810.0,1795.0,1813.0,1750.0,1675.0,1750.0,1725.0
109,10031,1.0,1900.0,1900.0,1898.0,1950.0,1900.0,1875.0,1900.0,1900.0,1950.0,1950.0,2000.0,2000.0,2000.0,1995.0,1995.0,2100.0,2150.0,1950.0,2000.0,1975.0,2050.0,2152.0,2050.0,2075.0,2000.0,2050.0,1950.0,1950.0,1925.0
110,10031,2.0,2500.0,2500.0,2400.0,2400.0,2350.0,2350.0,2363.0,2375.0,2499.0,2500.0,2400.0,2400.0,2500.0,2400.0,2466.0,2442.0,2492.0,2500.0,2450.0,2395.0,2450.0,2450.0,2495.0,2495.0,2463.0,2450.0,2295.0,2200.0,2225.0
111,10031,3.0,3413.0,3300.0,3200.0,3150.0,2997.0,3000.0,3000.0,2990.0,2993.0,3000.0,3197.0,3295.0,3399.0,3399.0,3295.0,3498.0,3375.0,3318.0,3483.0,3375.0,3465.0,3495.0,3250.0,3100.0,3100.0,3100.0,3000.0,2856.0,2800.0
112,10032,0.0,1673.0,1650.0,1600.0,1650.0,1695.0,1662.0,1662.0,1648.0,1662.0,1650.0,1663.0,1709.0,1750.0,1735.0,1718.0,1695.0,1700.0,1700.0,1697.0,1700.0,1750.0,1750.0,1750.0,1798.0,1700.0,1687.0,1650.0,1650.0,1650.0
113,10032,1.0,1850.0,1825.0,1818.0,1800.0,1835.0,1847.0,1800.0,1800.0,1800.0,1800.0,1825.0,1869.0,1881.0,1850.0,1895.0,1900.0,1900.0,1850.0,1875.0,1900.0,1900.0,1900.0,1900.0,1895.0,1895.0,1850.0,1815.0,1800.0,1800.0
114,10032,2.0,2295.0,2295.0,2298.0,2300.0,2295.0,2250.0,2200.0,2200.0,2250.0,2290.0,2250.0,2300.0,2300.0,2300.0,2363.0,2400.0,2400.0,2350.0,2349.0,2400.0,2395.0,2398.0,2300.0,2250.0,2295.0,2290.0,2200.0,2150.0,2150.0
115,10032,3.0,2933.0,2971.0,3000.0,2979.0,2933.0,2900.0,2850.0,2895.0,2895.0,2950.0,2933.0,2899.0,2933.0,3000.0,3000.0,3050.0,3025.0,2950.0,2950.0,2998.0,2997.0,2995.0,2950.0,2827.0,2779.0,2827.0,2750.0,2665.0,2600.0
116,10033,0.0,1673.0,1650.0,1600.0,1650.0,1695.0,1662.0,1662.0,1648.0,1662.0,1650.0,1663.0,1709.0,1750.0,1735.0,1718.0,1695.0,1700.0,1700.0,1697.0,1700.0,1750.0,1750.0,1750.0,1798.0,1700.0,1687.0,1650.0,1650.0,1650.0
117,10033,1.0,1850.0,1825.0,1818.0,1800.0,1835.0,1847.0,1800.0,1800.0,1800.0,1800.0,1825.0,1869.0,1881.0,1850.0,1895.0,1900.0,1900.0,1850.0,1875.0,1900.0,1900.0,1900.0,1900.0,1895.0,1895.0,1850.0,1815.0,1800.0,1800.0
118,10033,2.0,2295.0,2295.0,2298.0,2300.0,2295.0,2250.0,2200.0,2200.0,2250.0,2290.0,2250.0,2300.0,2300.0,2300.0,2363.0,2400.0,2400.0,2350.0,2349.0,2400.0,2395.0,2398.0,2300.0,2250.0,2295.0,2290.0,2200.0,2150.0,2150.0
119,10033,3.0,2933.0,2971.0,3000.0,2979.0,2933.0,2900.0,2850.0,2895.0,2895.0,2950.0,2933.0,2899.0,2933.0,3000.0,3000.0,3050.0,3025.0,2950.0,2950.0,2998.0,2997.0,2995.0,2950.0,2827.0,2779.0,2827.0,2750.0,2665.0,2600.0
120,10034,1.0,1800.0,1800.0,1750.0,1750.0,1750.0,1750.0,1763.0,1725.0,1750.0,1793.0,1795.0,1775.0,1800.0,1825.0,1825.0,1850.0,1925.0,1785.0,1800.0,1850.0,1800.0,1800.0,1837.0,1870.0,1795.0,1775.0,1800.0,1776.0,1750.0
121,10034,2.0,2250.0,2250.0,2235.0,2250.0,2225.0,2250.0,2245.0,2245.0,2250.0,2250.0,2375.0,2300.0,2250.0,2250.0,2199.0,2398.0,2295.0,2273.0,2200.0,2295.0,2300.0,2155.0,2395.0,2250.0,2178.0,2250.0,2300.0,2184.0,2175.0
122,10034,3.0,2750.0,2678.0,2750.0,2595.0,2500.0,2588.0,2795.0,2750.0,2709.0,2750.0,2852.0,2750.0,2873.0,2795.0,2795.0,2888.0,2925.0,2875.0,2875.0,2875.0,2700.0,2798.0,2725.0,2700.0,2575.0,2600.0,2625.0,2698.0,2700.0
123,10035,0.0,1725.0,1738.0,1825.0,1795.0,1848.0,1750.0,1700.0,1795.0,1828.0,1795.0,1825.0,1800.0,1850.0,1850.0,1823.0,1925.0,1900.0,1850.0,1761.0,1821.0,1823.0,1850.0,1875.0,1800.0,1750.0,1750.0,1744.0,1650.0,1650.0
124,10035,1.0,2050.0,2010.0,2045.0,2083.0,2025.0,2073.0,2000.0,1995.0,2050.0,2145.0,2075.0,2075.0,2075.0,2300.0,2200.0,2100.0,2086.0,2150.0,2100.0,2100.0,2193.0,2200.0,2250.0,2175.0,1975.0,1960.0,1935.0,1900.0,1900.0
125,10035,2.0,2495.0,2495.0,2463.0,2500.0,2495.0,2413.0,2490.0,2495.0,2545.0,2545.0,2494.0,2494.0,2500.0,2538.0,2500.0,2495.0,2475.0,2499.0,2500.0,2600.0,2500.0,2500.0,2595.0,2500.0,2392.0,2450.0,2300.0,2300.0,2250.0
126,10035,3.0,3200.0,3175.0,3250.0,3250.0,3095.0,2875.0,2823.0,3025.0,3013.0,3150.0,3250.0,3395.0,3400.0,3300.0,3300.0,3195.0,3333.0,3000.0,3195.0,3397.0,3355.0,3295.0,3295.0,3295.0,3125.0,2999.0,2950.0,2895.0,2812.0
127,10036,0.0,2690.0,2690.0,2700.0,2650.0,2695.0,2700.0,2798.0,2741.0,2823.0,2857.0,2850.0,2801.0,2890.0,2890.0,2875.0,2892.0,2850.0,2795.0,2860.0,2845.0,2848.0,2844.0,2758.0,2633.0,2512.0,2396.0,2300.0,2250.0,2250.0
128,10036,1.0,3440.0,3400.0,3450.0,3495.0,3432.0,3407.0,3500.0,3429.0,3500.0,3531.0,3553.0,3600.0,3622.0,3650.0,3674.0,3620.0,3646.0,3600.0,3596.0,3566.0,3598.0,3593.0,3458.0,3306.0,3167.0,3000.0,2924.0,2850.0,2916.0
129,10036,2.0,4400.0,4200.0,4550.0,4745.0,4800.0,4850.0,4811.0,5000.0,5000.0,4798.0,4500.0,4700.0,4570.0,4500.0,4699.0,4838.0,5000.0,5000.0,5150.0,5123.0,5139.0,5100.0,4998.0,4625.0,4246.0,3995.0,3800.0,3700.0,3800.0
130,10036,3.0,5500.0,5500.0,5500.0,5497.0,5400.0,5133.0,5165.0,5348.0,5200.0,4998.0,5046.0,5130.0,5163.0,5400.0,5498.0,5338.0,5350.0,5299.0,5363.0,5350.0,5498.0,5500.0,5300.0,4295.0,4532.0,4500.0,4125.0,4000.0,3991.0
131,10037,0.0,1795.0,1775.0,1795.0,1800.0,1699.0,1700.0,1753.0,1775.0,1750.0,1700.0,1799.0,1820.0,1850.0,1800.0,1825.0,1800.0,1780.0,1735.0,1750.0,1800.0,1800.0,1800.0,1800.0,1834.0,1800.0,1765.0,1700.0,1695.0,1650.0
132,10037,1.0,2200.0,2275.0,2175.0,2100.0,2100.0,2100.0,2100.0,2150.0,2108.0,2100.0,2200.0,2300.0,2325.0,2300.0,2300.0,2300.0,2200.0,2195.0,2197.0,2225.0,2295.0,2295.0,2282.0,2250.0,2250.0,2199.0,2100.0,2100.0,2000.0
133,10037,2.0,2795.0,2750.0,2800.0,2750.0,2600.0,2598.0,2595.0,2685.0,2700.0,2800.0,2850.0,2850.0,2800.0,2775.0,2846.0,2795.0,2795.0,2795.0,2750.0,2795.0,2800.0,2798.0,2725.0,2800.0,2750.0,2700.0,2683.0,2600.0,2550.0
134,10037,3.0,3650.0,3610.0,3700.0,3750.0,3399.0,3230.0,3149.0,3230.0,3400.0,3495.0,3450.0,3850.0,3873.0,3750.0,3800.0,3800.0,3800.0,3800.0,3862.0,3450.0,3375.0,3495.0,4225.0,3890.0,3600.0,3500.0,3250.0,3013.0,2950.0
135,10038,0.0,2920.0,3027.0,3063.0,3000.0,2975.0,2931.0,2933.0,2935.0,2995.0,3028.0,3100.0,3153.0,3150.0,3169.0,3150.0,3084.0,3100.0,3119.0,3091.0,3112.0,3050.0,2995.0,2928.0,2846.0,2700.0,2645.0,2500.0,2430.0,2500.0
136,10038,1.0,3950.0,4050.0,3991.0,3995.0,3985.0,4000.0,3965.0,4031.0,4008.0,3969.0,4078.0,4195.0,4056.0,4078.0,4022.0,3978.0,3940.0,4015.0,4015.0,4000.0,4022.0,3950.0,3891.0,3766.0,3650.0,3495.0,3432.0,3450.0,3500.0
137,10038,2.0,5350.0,5409.0,5262.0,5180.0,5348.0,5160.0,5100.0,5345.0,5276.0,5275.0,5500.0,5486.0,5495.0,5600.0,5375.0,5274.0,4996.0,5137.0,5076.0,5142.0,5300.0,5108.0,5141.0,5000.0,4769.0,4770.0,4675.0,4900.0,4950.0
138,10038,3.0,6750.0,6788.0,6095.0,6450.0,6417.0,6500.0,6500.0,6084.0,6475.0,6857.0,6223.0,6000.0,6000.0,6300.0,6033.0,5843.0,5598.0,5446.0,6500.0,6400.0,5500.0,6871.0,7306.0,6600.0,6268.0,5769.0,5640.0,5995.0,5775.0
139,10039,0.0,1795.0,1775.0,1795.0,1800.0,1699.0,1700.0,1753.0,1775.0,1750.0,1700.0,1799.0,1820.0,1850.0,1800.0,1825.0,1800.0,1780.0,1735.0,1750.0,1800.0,1800.0,1800.0,1800.0,1834.0,1800.0,1765.0,1700.0,1695.0,1650.0
140,10039,1.0,2200.0,2275.0,2175.0,2100.0,2100.0,2100.0,2100.0,2150.0,2108.0,2100.0,2200.0,2300.0,2325.0,2300.0,2300.0,2300.0,2200.0,2195.0,2197.0,2225.0,2295.0,2295.0,2282.0,2250.0,2250.0,2199.0,2100.0,2100.0,2000.0
141,10039,2.0,2795.0,2750.0,2800.0,2750.0,2600.0,2598.0,2595.0,2685.0,2700.0,2800.0,2850.0,2850.0,2800.0,2775.0,2846.0,2795.0,2795.0,2795.0,2750.0,2795.0,2800.0,2798.0,2725.0,2800.0,2750.0,2700.0,2683.0,2600.0,2550.0
142,10039,3.0,3650.0,3610.0,3700.0,3750.0,3399.0,3230.0,3149.0,3230.0,3400.0,3495.0,3450.0,3850.0,3873.0,3750.0,3800.0,3800.0,3800.0,3800.0,3862.0,3450.0,3375.0,3495.0,4225.0,3890.0,3600.0,3500.0,3250.0,3013.0,2950.0
143,10040,0.0,1673.0,1650.0,1600.0,1650.0,1695.0,1662.0,1662.0,1648.0,1662.0,1650.0,1663.0,1709.0,1750.0,1735.0,1718.0,1695.0,1700.0,1700.0,1697.0,1700.0,1750.0,1750.0,1750.0,1798.0,1700.0,1687.0,1650.0,1650.0,1650.0
144,10040,1.0,1850.0,1825.0,1818.0,1800.0,1835.0,1847.0,1800.0,1800.0,1800.0,1800.0,1825.0,1869.0,1881.0,1850.0,1895.0,1900.0,1900.0,1850.0,1875.0,1900.0,1900.0,1900.0,1900.0,1895.0,1895.0,1850.0,1815.0,1800.0,1800.0
145,10040,2.0,2295.0,2295.0,2298.0,2300.0,2295.0,2250.0,2200.0,2200.0,2250.0,2290.0,2250.0,2300.0,2300.0,2300.0,2363.0,2400.0,2400.0,2350.0,2349.0,2400.0,2395.0,2398.0,2300.0,2250.0,2295.0,2290.0,2200.0,2150.0,2150.0
146,10040,3.0,2933.0,2971.0,3000.0,2979.0,2933.0,2900.0,2850.0,2895.0,2895.0,2950.0,2933.0,2899.0,2933.0,3000.0,3000.0,3050.0,3025.0,2950.0,2950.0,2998.0,2997.0,2995.0,2950.0,2827.0,2779.0,2827.0,2750.0,2665.0,2600.0
147,10044,1.0,3000.0,3097.0,2929.0,2716.0,2624.0,2627.0,2725.0,2725.0,2750.0,3240.0,3168.0,2962.0,3355.0,3175.0,3295.0,3200.0,3510.0,3000.0,2834.0,2950.0,3122.0,3092.0,3061.0,3012.0,3029.0,2998.0,2995.0,2998.0,2850.0
148,10044,2.0,4495.0,4569.0,4495.0,3600.0,3483.0,3798.0,3600.0,4000.0,3904.0,3782.0,4200.0,3950.0,3798.0,3895.0,4577.0,4500.0,4550.0,4213.0,4267.0,4151.0,4500.0,4400.0,3946.0,3965.0,3954.0,3949.0,3872.0,3876.0,3874.0
149,10065,0.0,2050.0,2050.0,2099.0,2100.0,2130.0,2104.0,2150.0,2100.0,2150.0,2150.0,2150.0,2175.0,2150.0,2108.0,2150.0,2150.0,2150.0,2195.0,2250.0,2250.0,2225.0,2245.0,2228.0,2150.0,2062.0,1995.0,1950.0,1900.0,1890.0
150,10065,1.0,2800.0,2795.0,2775.0,2795.0,2850.0,2900.0,2950.0,2950.0,2995.0,2925.0,2850.0,2850.0,2950.0,2895.0,2795.0,2800.0,2900.0,3000.0,3098.0,3150.0,3150.0,3150.0,3000.0,2931.0,2840.0,2700.0,2550.0,2510.0,2500.0
151,10065,2.0,3400.0,3497.0,3495.0,3600.0,3500.0,3625.0,3850.0,3950.0,3900.0,3800.0,3685.0,3450.0,3495.0,3600.0,3618.0,4000.0,4597.0,4995.0,5000.0,4902.0,4800.0,4700.0,4600.0,3900.0,3500.0,3500.0,3400.0,3300.0,3100.0
152,10065,3.0,7375.0,6800.0,6998.0,7995.0,8000.0,8498.0,8995.0,8995.0,8800.0,8995.0,8333.0,8545.0,8000.0,7000.0,7800.0,8948.0,9225.0,9500.0,9898.0,9500.0,11500.0,12500.0,10000.0,8000.0,7200.0,7000.0,6500.0,6500.0,6500.0
153,10069,0.0,2295.0,2300.0,2295.0,2200.0,2200.0,2250.0,2300.0,2300.0,2350.0,2398.0,2350.0,2300.0,2300.0,2300.0,2300.0,2350.0,2350.0,2450.0,2450.0,2475.0,2450.0,2390.0,2294.0,2217.0,2195.0,2100.0,2026.0,1995.0,1950.0
154,10069,1.0,3100.0,3050.0,3050.0,3100.0,3150.0,3093.0,3150.0,3235.0,3200.0,3203.0,3349.0,3220.0,3275.0,3200.0,3300.0,3375.0,3395.0,3400.0,3395.0,3400.0,3380.0,3365.0,3221.0,3100.0,3000.0,2927.0,2800.0,2757.0,2695.0
155,10069,2.0,4500.0,4400.0,4500.0,4579.0,4750.0,4600.0,4500.0,4662.0,4625.0,4350.0,4300.0,4400.0,4095.0,4200.0,4600.0,4682.0,4700.0,4937.0,4868.0,4946.0,4800.0,4745.0,4800.0,4500.0,4429.0,4300.0,4032.0,3999.0,3900.0
156,10069,3.0,6963.0,6000.0,6800.0,7000.0,7000.0,7950.0,7995.0,8095.0,7682.0,6962.0,6785.0,7048.0,6850.0,6400.0,6409.0,6500.0,7333.0,7950.0,8575.0,8760.0,8448.0,8000.0,7285.0,6925.0,6559.0,6600.0,6050.0,6000.0,6000.0
157,10075,0.0,2050.0,2050.0,2099.0,2100.0,2130.0,2104.0,2150.0,2100.0,2150.0,2150.0,2150.0,2175.0,2150.0,2108.0,2150.0,2150.0,2150.0,2195.0,2250.0,2250.0,2225.0,2245.0,2228.0,2150.0,2062.0,1995.0,1950.0,1900.0,1890.0
158,10075,1.0,2800.0,2795.0,2775.0,2795.0,2850.0,2900.0,2950.0,2950.0,2995.0,2925.0,2850.0,2850.0,2950.0,2895.0,2795.0,2800.0,2900.0,3000.0,3098.0,3150.0,3150.0,3150.0,3000.0,2931.0,2840.0,2700.0,2550.0,2510.0,2500.0
159,10075,2.0,3400.0,3497.0,3495.0,3600.0,3500.0,3625.0,3850.0,3950.0,3900.0,3800.0,3685.0,3450.0,3495.0,3600.0,3618.0,4000.0,4597.0,4995.0,5000.0,4902.0,4800.0,4700.0,4600.0,3900.0,3500.0,3500.0,3400.0,3300.0,3100.0
160,10075,3.0,7375.0,6800.0,6998.0,7995.0,8000.0,8498.0,8995.0,8995.0,8800.0,8995.0,8333.0,8545.0,8000.0,7000.0,7800.0,8948.0,9225.0,9500.0,9898.0,9500.0,11500.0,12500.0,10000.0,8000.0,7200.0,7000.0,6500.0,6500.0,6500.0
161,10128,0.0,2050.0,2050.0,2099.0,2100.0,2130.0,2104.0,2150.0,2100.0,2150.0,2150.0,2150.0,2175.0,2150.0,2108.0,2150.0,2150.0,2150.0,2195.0,2250.0,2250.0,2225.0,2245.0,2228.0,2150.0,2062.0,1995.0,1950.0,1900.0,1890.0
162,10128,1.0,2800.0,2795.0,2775.0,2795.0,2850.0,2900.0,2950.0,2950.0,2995.0,2925.0,2850.0,2850.0,2950.0,2895.0,2795.0,2800.0,2900.0,3000.0,3098.0,3150.0,3150.0,3150.0,3000.0,2931.0,2840.0,2700.0,2550.0,2510.0,2500.0
163,10128,2.0,3400.0,3497.0,3495.0,3600.0,3500.0,3625.0,3850.0,3950.0,3900.0,3800.0,3685.0,3450.0,3495.0,3600.0,3618.0,4000.0,4597.0,4995.0,5000.0,4902.0,4800.0,4700.0,4600.0,3900.0,3500.0,3500.0,3400.0,3300.0,3100.0
164,10128,3.0,7375.0,6800.0,6998.0,7995.0,8000.0,8498.0,8995.0,8995.0,8800.0,8995.0,8333.0,8545.0,8000.0,7000.0,7800.0,8948.0,9225.0,9500.0,9898.0,9500.0,11500.0,12500.0,10000.0,8000.0,7200.0,7000.0,6500.0,6500.0,6500.0
165,10280,0.0,3090.0,3160.0,3350.0,3350.0,3200.0,2953.0,2908.0,3150.0,3150.0,3226.0,3175.0,3175.0,3150.0,3383.0,3395.0,3263.0,3218.0,3100.0,3128.0,3273.0,3273.0,3295.0,3253.0,3075.0,2801.0,2605.0,2595.0,2761.0,2728.0
166,10280,1.0,3650.0,3943.0,3943.0,3805.0,3750.0,3775.0,3755.0,3665.0,3986.0,3963.0,3923.0,3950.0,4110.0,4000.0,4000.0,3973.0,3898.0,4154.0,3995.0,3825.0,3900.0,3900.0,3900.0,3656.0,3409.0,3385.0,3300.0,3375.0,3360.0
167,10280,2.0,6923.0,6850.0,6900.0,6376.0,6450.0,6490.0,6520.0,6913.0,6800.0,6813.0,6750.0,6825.0,7363.0,6812.0,6865.0,6702.0,6700.0,6800.0,6766.0,6738.0,6738.0,7200.0,6898.0,6848.0,6800.0,6750.0,6744.0,6630.0,6500.0
168,10280,3.0,12700.0,12700.0,12500.0,12000.0,12000.0,12000.0,11250.0,12125.0,13813.0,12950.0,12000.0,11875.0,11300.0,10600.0,10550.0,9975.0,10900.0,10950.0,10900.0,11960.0,12500.0,12500.0,10000.0,10300.0,10500.0,10950.0,10975.0,10950.0,10950.0
169,10282,0.0,3090.0,3160.0,3350.0,3350.0,3200.0,2953.0,2908.0,3150.0,3150.0,3226.0,3175.0,3175.0,3150.0,3383.0,3395.0,3263.0,3218.0,3100.0,3128.0,3273.0,3273.0,3295.0,3253.0,3075.0,2801.0,2605.0,2595.0,2761.0,2728.0
170,10282,1.0,3650.0,3943.0,3943.0,3805.0,3750.0,3775.0,3755.0,3665.0,3986.0,3963.0,3923.0,3950.0,4110.0,4000.0,4000.0,3973.0,3898.0,4154.0,3995.0,3825.0,3900.0,3900.0,3900.0,3656.0,3409.0,3385.0,3300.0,3375.0,3360.0
171,10282,2.0,6923.0,6850.0,6900.0,6376.0,6450.0,6490.0,6520.0,6913.0,6800.0,6813.0,6750.0,6825.0,7363.0,6812.0,6865.0,6702.0,6700.0,6800.0,6766.0,6738.0,6738.0,7200.0,6898.0,6848.0,6800.0,6750.0,6744.0,6630.0,6500.0
172,10282,3.0,12700.0,12700.0,12500.0,12000.0,12000.0,12000.0,11250.0,12125.0,13813.0,12950.0,12000.0,11875.0,11300.0,10600.0,10550.0,9975.0,10900.0,10950.0,10900.0,11960.0,12500.0,12500.0,10000.0,10300.0,10500.0,10950.0,10975.0,10950.0,10950.0
173,10451,1.0,1675.0,1637.5,1649.0,1500.0,1573.0,1595.0,1553.0,1552.0,1554.0,1575.0,1598.0,1613.0,1624.0,1600.0,1608.0,1636.0,1636.0,1650.0,1650.0,1687.0,1750.0,1700.0,1785.0,1699.0,1674.0,1650.0,1695.0,1699.0,1675.0
174,10451,2.0,1900.0,1950.0,1963.0,1950.0,1800.0,1950.0,1950.0,1895.0,1875.0,1900.0,1899.0,1895.0,1850.0,1888.0,1900.0,2000.0,2050.0,1950.0,2050.0,1950.0,2039.0,2050.0,2011.0,2012.5,1975.0,1975.0,2025.0,2050.0,1995.0
175,10452,1.0,1675.0,1637.5,1649.0,1500.0,1573.0,1595.0,1553.0,1552.0,1554.0,1575.0,1598.0,1613.0,1624.0,1600.0,1608.0,1636.0,1636.0,1650.0,1650.0,1687.0,1750.0,1700.0,1785.0,1699.0,1674.0,1650.0,1695.0,1699.0,1675.0
176,10452,2.0,1900.0,1950.0,1963.0,1950.0,1800.0,1950.0,1950.0,1895.0,1875.0,1900.0,1899.0,1895.0,1850.0,1888.0,1900.0,2000.0,2050.0,1950.0,2050.0,1950.0,2039.0,2050.0,2011.0,2012.5,1975.0,1975.0,2025.0,2050.0,1995.0
177,10454,1.0,1788.0,1850.0,1960.0,2025.0,1980.0,2025.0,1960.0,1925.0,1900.0,2096.0,2256.0,2203.0,2150.0,2191.0,2340.0,2350.0,2295.0,2200.0,2200.0,2271.0,1825.0,2338.0,2250.0,2000.0,2000.0,2100.0,2100.0,2100.0,2100.0
178,10454,2.0,2225.0,2050.0,2000.0,2225.0,2000.0,1950.0,1925.0,2275.0,2799.0,2630.0,2263.0,2200.0,2496.0,2493.0,2300.0,2300.0,2300.0,2270.0,2295.0,2519.0,2750.0,2850.0,2538.0,2245.0,2163.0,2289.0,2332.0,2210.0,2286.0
179,10455,1.0,1788.0,1850.0,1960.0,2025.0,1980.0,2025.0,1960.0,1925.0,1900.0,2096.0,2256.0,2203.0,2150.0,2191.0,2340.0,2350.0,2295.0,2200.0,2200.0,2271.0,1825.0,2338.0,2250.0,2000.0,2000.0,2100.0,2100.0,2100.0,2100.0
180,10455,2.0,2225.0,2050.0,2000.0,2225.0,2000.0,1950.0,1925.0,2275.0,2799.0,2630.0,2263.0,2200.0,2496.0,2493.0,2300.0,2300.0,2300.0,2270.0,2295.0,2519.0,2750.0,2850.0,2538.0,2245.0,2163.0,2289.0,2332.0,2210.0,2286.0
181,10456,1.0,1675.0,1637.5,1649.0,1500.0,1573.0,1595.0,1553.0,1552.0,1554.0,1575.0,1598.0,1613.0,1624.0,1600.0,1608.0,1636.0,1636.0,1650.0,1650.0,1687.0,1750.0,1700.0,1785.0,1699.0,1674.0,1650.0,1695.0,1699.0,1675.0
182,10456,2.0,1900.0,1950.0,1963.0,1950.0,1800.0,1950.0,1950.0,1895.0,1875.0,1900.0,1899.0,1895.0,1850.0,1888.0,1900.0,2000.0,2050.0,1950.0,2050.0,1950.0,2039.0,2050.0,2011.0,2012.5,1975.0,1975.0,2025.0,2050.0,1995.0
183,10458,1.0,1563.0,1533.0,1554.0,1675.0,1558.0,1495.0,1500.0,1534.0,1534.0,1475.0,1538.0,1500.0,1538.0,1545.0,1575.0,1575.0,1475.0,1563.0,1607.0,1538.0,1537.5,1650.0,1625.0,1541.5,1645.0,1600.0,1595.0,1573.0,1548.0
184,10463,0.0,1525.0,1475.0,1438.0,1498.0,1450.0,1450.0,1418.0,1425.0,1550.0,1485.0,1420.0,1600.0,1550.0,1550.0,1600.0,1600.0,1550.0,1550.0,1525.0,1550.0,1723.0,1650.0,1600.0,1625.0,1625.0,1650.0,1661.0,1681.0,1600.0
185,10463,1.0,1875.0,1850.0,1850.0,1850.0,1800.0,1825.0,1899.0,1867.0,1850.0,1875.0,1850.0,1863.0,1900.0,1900.0,1900.0,1909.0,1900.0,1850.0,1890.0,1925.0,1850.0,1850.0,1850.0,1863.0,1900.0,1928.0,2000.0,1980.0,1925.0
186,10463,2.0,2400.0,2350.0,2450.0,2400.0,2300.0,2373.0,2391.0,2349.0,2300.0,2250.0,2350.0,2300.0,2300.0,2300.0,2388.0,2398.0,2400.0,2400.0,2500.0,2475.0,2600.0,2550.0,2550.0,2400.0,2450.0,2550.0,2750.0,2695.0,2695.0
187,10463,3.0,3300.0,2975.0,2975.0,3025.0,3000.0,3025.0,3200.0,3200.0,3200.0,3150.0,3000.0,3000.0,3175.0,3400.0,3275.0,3264.0,3175.0,3278.0,3278.0,3339.0,3175.0,3452.0,3400.0,3195.0,3500.0,3550.0,3700.0,3725.0,3743.0
188,10468,1.0,1563.0,1533.0,1554.0,1675.0,1558.0,1495.0,1500.0,1534.0,1534.0,1475.0,1538.0,1500.0,1538.0,1545.0,1575.0,1575.0,1475.0,1563.0,1607.0,1538.0,1537.5,1650.0,1625.0,1541.5,1645.0,1600.0,1595.0,1573.0,1548.0
189,10471,0.0,1525.0,1475.0,1438.0,1498.0,1450.0,1450.0,1418.0,1425.0,1550.0,1485.0,1420.0,1600.0,1550.0,1550.0,1600.0,1600.0,1550.0,1550.0,1525.0,1550.0,1723.0,1650.0,1600.0,1625.0,1625.0,1650.0,1661.0,1681.0,1600.0
190,10471,1.0,1875.0,1850.0,1850.0,1850.0,1800.0,1825.0,1899.0,1867.0,1850.0,1875.0,1850.0,1863.0,1900.0,1900.0,1900.0,1909.0,1900.0,1850.0,1890.0,1925.0,1850.0,1850.0,1850.0,1863.0,1900.0,1928.0,2000.0,1980.0,1925.0
191,10471,2.0,2400.0,2350.0,2450.0,2400.0,2300.0,2373.0,2391.0,2349.0,2300.0,2250.0,2350.0,2300.0,2300.0,2300.0,2388.0,2398.0,2400.0,2400.0,2500.0,2475.0,2600.0,2550.0,2550.0,2400.0,2450.0,2550.0,2750.0,2695.0,2695.0
192,10471,3.0,3300.0,2975.0,2975.0,3025.0,3000.0,3025.0,3200.0,3200.0,3200.0,3150.0,3000.0,3000.0,3175.0,3400.0,3275.0,3264.0,3175.0,3278.0,3278.0,3339.0,3175.0,3452.0,3400.0,3195.0,3500.0,3550.0,3700.0,3725.0,3743.0
193,11101,0.0,2499.0,2529.0,2509.0,2516.0,2470.0,2429.0,2445.0,2425.0,2447.0,2546.0,2573.0,2600.0,2700.0,2745.0,2745.0,2714.0,2659.0,2609.0,2598.0,2638.0,2630.0,2589.0,2562.0,2516.0,2499.0,2400.0,2300.0,2325.0,2526.0
194,11101,1.0,3100.0,3175.0,3212.0,3193.0,3100.0,3086.0,3089.0,3064.0,3079.0,3138.0,3200.0,3226.0,3270.0,3285.0,3323.0,3288.0,3290.0,3227.0,3214.0,3200.0,3192.0,3199.0,3156.0,3100.0,3017.0,2950.0,2842.0,2829.0,2967.0
195,11101,2.0,4251.0,3987.0,4153.0,4200.0,4101.0,3895.0,4055.0,4068.0,4037.0,4093.0,4100.0,4150.0,4150.0,4085.0,4398.0,4400.0,4519.0,4350.0,4365.0,4268.0,4363.0,4245.0,4200.0,4153.0,4061.0,3985.0,3934.0,3795.0,3875.0
196,11101,3.0,5350.0,5375.0,5193.0,5138.0,5165.0,5200.0,4985.0,5151.0,5040.0,5218.0,5500.0,5325.0,5600.0,5405.0,5473.0,5320.0,5409.0,5400.0,4900.0,4958.0,5295.0,4848.0,3889.0,4750.0,5110.0,5110.0,4850.0,4784.0,4907.0
197,11102,0.0,1700.0,1784.0,1763.0,1858.0,1750.0,1750.0,1650.0,1600.0,1650.0,1650.0,1650.0,1675.0,1700.0,1750.0,1750.0,1825.0,1750.0,1675.0,1775.0,1675.0,1675.0,1713.0,1700.0,1650.0,1700.0,1700.0,1650.0,1650.0,1600.0
198,11102,1.0,1850.0,1900.0,1900.0,1950.0,1900.0,1900.0,1948.0,1900.0,1900.0,1900.0,1950.0,2000.0,1950.0,1950.0,1995.0,1998.0,2000.0,2000.0,1950.0,1995.0,2100.0,2100.0,2000.0,1988.0,1900.0,1900.0,1875.0,1850.0,1800.0
199,11102,2.0,2299.0,2300.0,2300.0,2300.0,2300.0,2300.0,2250.0,2300.0,2299.0,2300.0,2300.0,2300.0,2350.0,2363.0,2400.0,2400.0,2400.0,2400.0,2400.0,2400.0,2499.0,2413.0,2399.0,2350.0,2350.0,2300.0,2295.0,2200.0,2175.0
200,11102,3.0,2945.0,2950.0,2999.0,2900.0,2800.0,2700.0,2895.0,2900.0,2900.0,2950.0,2995.0,3000.0,2900.0,2900.0,2900.0,2900.0,2850.0,2900.0,3000.0,2999.0,2950.0,2985.0,3000.0,3000.0,2900.0,2900.0,2900.0,2800.0,2700.0
201,11103,0.0,1700.0,1784.0,1763.0,1858.0,1750.0,1750.0,1650.0,1600.0,1650.0,1650.0,1650.0,1675.0,1700.0,1750.0,1750.0,1825.0,1750.0,1675.0,1775.0,1675.0,1675.0,1713.0,1700.0,1650.0,1700.0,1700.0,1650.0,1650.0,1600.0
202,11103,1.0,1850.0,1900.0,1900.0,1950.0,1900.0,1900.0,1948.0,1900.0,1900.0,1900.0,1950.0,2000.0,1950.0,1950.0,1995.0,1998.0,2000.0,2000.0,1950.0,1995.0,2100.0,2100.0,2000.0,1988.0,1900.0,1900.0,1875.0,1850.0,1800.0
203,11103,2.0,2299.0,2300.0,2300.0,2300.0,2300.0,2300.0,2250.0,2300.0,2299.0,2300.0,2300.0,2300.0,2350.0,2363.0,2400.0,2400.0,2400.0,2400.0,2400.0,2400.0,2499.0,2413.0,2399.0,2350.0,2350.0,2300.0,2295.0,2200.0,2175.0
204,11103,3.0,2945.0,2950.0,2999.0,2900.0,2800.0,2700.0,2895.0,2900.0,2900.0,2950.0,2995.0,3000.0,2900.0,2900.0,2900.0,2900.0,2850.0,2900.0,3000.0,2999.0,2950.0,2985.0,3000.0,3000.0,2900.0,2900.0,2900.0,2800.0,2700.0
205,11104,0.0,1650.0,1650.0,1650.0,1650.0,1652.0,1650.0,1645.0,1625.0,1600.0,1600.0,1698.0,1613.0,1613.0,1550.0,1650.0,1650.0,1600.0,1650.0,1750.0,1650.0,1650.0,1650.0,1658.0,1650.0,1650.0,1625.0,1600.0,1600.0,1595.0
206,11104,1.0,1868.0,1850.0,1800.0,1850.0,1850.0,1850.0,1850.0,1900.0,1900.0,1902.0,1900.0,1900.0,1900.0,1900.0,1950.0,1925.0,1900.0,1900.0,1970.0,1875.0,1938.0,2000.0,1950.0,1900.0,1900.0,1900.0,1894.0,1850.0,1800.0
207,11104,2.0,2200.0,2125.0,2200.0,2300.0,2319.0,2295.0,2200.0,2200.0,2299.0,2275.0,2398.0,2250.0,2300.0,2300.0,2400.0,2300.0,2375.0,2363.0,2450.0,2350.0,2375.0,2450.0,2550.0,2400.0,2350.0,2300.0,2350.0,2250.0,2200.0
208,11104,3.0,2298.0,2600.0,2625.0,2725.0,2650.0,2650.0,2725.0,2995.0,3098.0,2900.0,2750.0,2650.0,2890.0,2998.0,2800.0,2950.0,3000.0,3000.0,3000.0,3075.0,3000.0,3000.0,2995.0,2800.0,2800.0,2800.0,2800.0,2750.0,2800.0
209,11105,0.0,1700.0,1784.0,1763.0,1858.0,1750.0,1750.0,1650.0,1600.0,1650.0,1650.0,1650.0,1675.0,1700.0,1750.0,1750.0,1825.0,1750.0,1675.0,1775.0,1675.0,1675.0,1713.0,1700.0,1650.0,1700.0,1700.0,1650.0,1650.0,1600.0
210,11105,1.0,1850.0,1900.0,1900.0,1950.0,1900.0,1900.0,1948.0,1900.0,1900.0,1900.0,1950.0,2000.0,1950.0,1950.0,1995.0,1998.0,2000.0,2000.0,1950.0,1995.0,2100.0,2100.0,2000.0,1988.0,1900.0,1900.0,1875.0,1850.0,1800.0
211,11105,2.0,2299.0,2300.0,2300.0,2300.0,2300.0,2300.0,2250.0,2300.0,2299.0,2300.0,2300.0,2300.0,2350.0,2363.0,2400.0,2400.0,2400.0,2400.0,2400.0,2400.0,2499.0,2413.0,2399.0,2350.0,2350.0,2300.0,2295.0,2200.0,2175.0
212,11105,3.0,2945.0,2950.0,2999.0,2900.0,2800.0,2700.0,2895.0,2900.0,2900.0,2950.0,2995.0,3000.0,2900.0,2900.0,2900.0,2900.0,2850.0,2900.0,3000.0,2999.0,2950.0,2985.0,3000.0,3000.0,2900.0,2900.0,2900.0,2800.0,2700.0
213,11106,0.0,1700.0,1784.0,1763.0,1858.0,1750.0,1750.0,1650.0,1600.0,1650.0,1650.0,1650.0,1675.0,1700.0,1750.0,1750.0,1825.0,1750.0,1675.0,1775.0,1675.0,1675.0,1713.0,1700.0,1650.0,1700.0,1700.0,1650.0,1650.0,1600.0
214,11106,1.0,1850.0,1900.0,1900.0,1950.0,1900.0,1900.0,1948.0,1900.0,1900.0,1900.0,1950.0,2000.0,1950.0,1950.0,1995.0,1998.0,2000.0,2000.0,1950.0,1995.0,2100.0,2100.0,2000.0,1988.0,1900.0,1900.0,1875.0,1850.0,1800.0
215,11106,2.0,2299.0,2300.0,2300.0,2300.0,2300.0,2300.0,2250.0,2300.0,2299.0,2300.0,2300.0,2300.0,2350.0,2363.0,2400.0,2400.0,2400.0,2400.0,2400.0,2400.0,2499.0,2413.0,2399.0,2350.0,2350.0,2300.0,2295.0,2200.0,2175.0
216,11106,3.0,2945.0,2950.0,2999.0,2900.0,2800.0,2700.0,2895.0,2900.0,2900.0,2950.0,2995.0,3000.0,2900.0,2900.0,2900.0,2900.0,2850.0,2900.0,3000.0,2999.0,2950.0,2985.0,3000.0,3000.0,2900.0,2900.0,2900.0,2800.0,2700.0
217,11109,0.0,2499.0,2529.0,2509.0,2516.0,2470.0,2429.0,2445.0,2425.0,2447.0,2546.0,2573.0,2600.0,2700.0,2745.0,2745.0,2714.0,2659.0,2609.0,2598.0,2638.0,2630.0,2589.0,2562.0,2516.0,2499.0,2400.0,2300.0,2325.0,2526.0
218,11109,1.0,3100.0,3175.0,3212.0,3193.0,3100.0,3086.0,3089.0,3064.0,3079.0,3138.0,3200.0,3226.0,3270.0,3285.0,3323.0,3288.0,3290.0,3227.0,3214.0,3200.0,3192.0,3199.0,3156.0,3100.0,3017.0,2950.0,2842.0,2829.0,2967.0
219,11109,2.0,4251.0,3987.0,4153.0,4200.0,4101.0,3895.0,4055.0,4068.0,4037.0,4093.0,4100.0,4150.0,4150.0,4085.0,4398.0,4400.0,4519.0,4350.0,4365.0,4268.0,4363.0,4245.0,4200.0,4153.0,4061.0,3985.0,3934.0,3795.0,3875.0
220,11109,3.0,5350.0,5375.0,5193.0,5138.0,5165.0,5200.0,4985.0,5151.0,5040.0,5218.0,5500.0,5325.0,5600.0,5405.0,5473.0,5320.0,5409.0,5400.0,4900.0,4958.0,5295.0,4848.0,3889.0,4750.0,5110.0,5110.0,4850.0,4784.0,4907.0
221,11201,0.0,2367.5,2385.0,2460.5,2410.0,2475.5,2425.0,2450.5,2445.0,2569.0,2568.5,2530.0,2637.5,2646.0,2757.5,2619.0,2600.0,2594.0,2633.5,2636.5,2650.0,2696.0,2563.5,2462.5,2432.5,2340.0,2356.5,2243.5,2097.5,2059.0
222,11201,1.0,3156.0,3097.0,3225.0,3075.5,3177.5,3164.5,3276.5,3264.0,3197.5,3313.5,3433.5,3332.5,3320.5,3482.0,3535.5,3444.5,3462.0,3339.0,3378.5,3498.0,3352.5,3325.0,3377.0,3138.5,3034.0,2955.5,2847.5,2786.5,2754.5
223,11201,2.0,4514.5,4630.0,4720.5,4626.0,4397.5,4198.5,4274.0,4747.5,4955.0,4787.5,4839.5,4796.5,5010.0,5193.5,5233.5,5056.5,4833.5,4890.5,4833.0,4818.0,4736.5,4957.0,4718.0,4651.5,4465.0,4430.5,4342.5,4189.5,4175.0
224,11201,3.0,9675.0,8500.0,8375.0,7300.0,7250.0,9289.0,9289.0,9554.0,8817.0,10000.0,10200.0,10154.0,9999.0,9067.0,10079.0,8015.0,9250.0,9284.0,10375.0,9988.0,9000.0,8500.0,8745.0,7950.0,7796.0,7791.0,8250.0,7500.0,8500.0
225,11203,0.0,1554.0,1600.0,1940.0,1621.0,1575.0,1495.0,1500.0,1550.0,1595.0,1595.0,1475.0,1555.0,1595.0,1588.0,1695.0,1675.0,1750.0,1750.0,1698.0,1723.0,1700.0,1625.0,1800.0,2010.0,1914.0,1886.0,1800.0,1690.0,1640.0
226,11203,1.0,1662.5,1733.0,1794.0,1762.5,1725.0,1694.5,1700.0,1722.5,1775.0,1800.0,1737.5,1727.5,1750.0,1796.5,1774.5,1872.5,1905.0,1829.0,1936.0,1927.0,1956.5,2019.5,2072.5,2017.5,1949.5,1924.0,1912.5,1875.0,1862.5
227,11203,2.0,2050.0,2069.0,2160.0,2187.5,2125.0,2075.0,2150.0,2207.5,2100.0,2149.5,2174.5,2131.5,2175.0,2150.0,2150.0,2250.0,2255.0,2246.5,2262.5,2297.5,2252.0,2250.0,2297.0,2299.0,2250.0,2227.5,2197.5,2173.5,2149.5
228,11203,3.0,2500.0,2500.0,2675.0,2675.0,2698.5,2608.5,2536.0,2500.0,2525.0,2550.0,2685.5,2543.0,2550.0,2647.5,2625.0,2634.5,2612.5,2600.0,2722.5,2634.5,2660.0,2686.5,2650.0,2600.0,2645.0,2652.5,2674.5,2650.0,2600.0
229,11204,1.0,1594.0,1585.0,1572.5,1562.5,1525.0,1525.0,1612.5,1572.5,1575.0,1600.0,1600.0,1600.0,1600.0,1599.5,1600.0,1623.5,1619.0,1644.0,1612.5,1637.0,1662.5,1700.25,1612.5,1631.5,1624.5,1581.0,1619.5,1617.5,1623.5
230,11204,2.0,1887.5,1887.0,1900.0,1874.5,1895.0,1897.0,1925.0,1897.5,1925.0,1950.0,1957.5,1947.5,1947.5,1950.0,2100.0,2025.0,2037.5,1962.5,1962.5,1999.0,2025.0,2000.0,1986.0,1905.0,1900.0,1937.5,1906.5,1900.0,1866.0
231,11206,0.0,2325.0,2281.5,2325.0,2247.0,2262.5,2246.0,2199.0,2272.0,2399.0,2242.0,2371.5,2386.5,2408.5,2496.5,2536.0,2582.5,2597.0,2585.0,2612.5,2629.0,2599.5,2565.5,2485.5,2384.5,2375.0,2306.5,2266.5,2225.0,2208.0
232,11206,1.0,2475.0,2466.0,2475.0,2474.5,2520.5,2479.0,2508.0,2553.5,2585.5,2651.0,2719.5,2692.0,2657.5,2699.5,2784.5,2874.0,2965.5,2840.0,2803.5,2975.0,3025.0,2930.0,2874.5,2750.0,2661.5,2581.0,2506.5,2443.5,2382.5
233,11206,2.0,2700.0,2742.5,2737.5,2717.5,2700.0,2647.5,2650.0,2757.5,2729.0,2672.5,2750.0,2825.0,2850.0,2900.0,2997.5,3100.0,3250.0,3222.5,3300.0,3302.0,3100.0,3050.0,2999.5,2875.0,2750.0,2700.0,2650.0,2546.0,2475.0
234,11206,3.0,3375.0,3414.0,3325.0,3280.5,3199.5,3096.0,3005.0,3138.5,3200.0,3300.0,3576.0,3674.5,3700.5,3750.0,3700.0,3878.5,3918.5,3986.0,3997.5,3750.0,3600.0,3483.5,3629.0,3497.5,3431.0,3304.5,3174.0,3077.0,2969.5
235,11207,0.0,2150.0,2063.0,2150.0,2013.0,2030.0,1994.0,1992.0,2044.0,2100.0,1917.0,2100.0,2078.0,2076.0,2265.0,2225.0,2299.0,2299.0,2275.0,2275.0,2275.0,2300.0,2299.0,2250.0,2169.0,2100.0,2000.0,2000.0,1975.0,1916.0
236,11207,1.0,1900.0,1916.0,1936.5,1957.5,1945.5,1929.0,1964.25,2003.5,1988.0,2001.0,2072.5,2090.0,2049.5,2047.5,2015.5,2123.5,2175.0,2250.0,2188.5,2349.5,2287.5,2205.0,2118.25,2118.75,2076.25,1995.0,1999.5,1918.5,1875.0
237,11207,2.0,2162.5,2195.0,2187.5,2200.0,2150.0,2129.0,2131.5,2174.5,2216.5,2223.0,2250.0,2206.5,2222.5,2250.0,2297.5,2325.0,2350.0,2322.5,2350.0,2451.5,2375.0,2300.0,2262.0,2246.0,2199.5,2200.0,2175.0,2121.0,2075.0
238,11207,3.0,2650.0,2647.5,2650.0,2622.5,2575.0,2532.5,2464.5,2538.5,2550.0,2625.0,2651.0,2649.5,2650.0,2725.0,2750.0,2743.5,2825.0,2825.0,2797.5,2700.0,2725.0,2700.0,2779.0,2750.0,2675.0,2624.0,2573.5,2549.5,2486.0
239,11208,1.0,1600.0,1650.0,1673.0,1666.0,1600.0,1650.0,1662.5,1650.0,1600.0,1600.0,1695.0,1695.0,1699.0,1695.0,1700.0,1748.0,1700.0,2050.0,1995.0,1999.0,1825.0,1750.0,1737.5,1837.5,1761.5,1699.0,1749.0,1650.0,1650.0
240,11208,2.0,1925.0,1900.0,1900.0,1965.0,1900.0,1863.0,1913.0,1950.0,1975.0,2000.0,2000.0,1913.0,1945.0,2000.0,2000.0,2000.0,2000.0,2050.0,2100.0,2199.0,2100.0,2000.0,2025.0,2000.0,1999.0,2000.0,2000.0,1950.0,1950.0
241,11208,3.0,2300.0,2300.0,2400.0,2350.0,2350.0,2273.0,2225.0,2300.0,2300.0,2400.0,2350.0,2300.0,2300.0,2300.0,2300.0,2325.0,2400.0,2400.0,2400.0,2400.0,2400.0,2400.0,2500.0,2500.0,2400.0,2400.0,2397.0,2399.0,2350.0
242,11210,0.0,1496.0,1500.0,1701.5,1523.0,1500.0,1441.5,1456.5,1474.5,1522.5,1515.0,1627.5,1702.0,1546.0,1581.5,1647.5,1587.5,1612.5,1622.5,1561.5,1549.0,1550.0,1612.5,1712.5,1817.5,1704.5,1690.5,1681.5,1570.0,1545.0
243,11210,1.0,1675.0,1720.5,1769.0,1737.5,1725.0,1700.5,1700.0,1717.5,1725.0,1750.0,1737.5,1775.0,1762.5,1750.0,1743.5,1812.5,1875.0,1822.5,1911.5,1927.5,1981.5,1982.5,2010.0,1957.5,1899.5,1850.0,1862.5,1837.5,1812.5
244,11210,2.0,2050.0,2050.0,2097.5,2150.0,2100.0,2072.5,2100.0,2160.0,2147.5,2074.5,2150.0,2150.0,2174.5,2197.5,2187.5,2250.0,2255.0,2271.5,2319.0,2397.5,2327.0,2311.5,2482.0,2274.0,2225.0,2205.0,2212.5,2149.5,2162.0
245,11210,3.0,2482.5,2512.5,2655.0,2575.0,2550.0,2609.5,2536.5,2500.0,2600.0,2537.5,2538.0,2543.0,2550.0,2629.0,2687.5,2660.0,2650.0,2775.0,2733.0,2559.5,2595.0,2600.0,2775.0,2812.5,2647.5,2615.0,2575.0,2775.0,2614.5
246,11211,0.0,2420.0,2449.5,2419.5,2303.0,2399.5,2509.0,2352.0,2383.0,2474.0,2533.5,2584.0,2697.5,2709.0,2676.5,2672.5,2933.0,2734.0,2745.0,2772.5,2791.5,2424.5,2848.0,2698.0,2616.5,2617.0,2567.5,2513.0,2520.5,2412.5
247,11211,1.0,2575.0,2625.0,2675.0,2550.0,2625.0,2625.0,2575.0,2645.0,2722.5,2722.5,2744.5,2824.5,2757.5,2799.5,3069.0,3074.5,2953.0,2915.0,2925.0,3112.5,3145.0,3100.0,3025.0,2976.5,2766.0,2685.5,2669.0,2600.0,2532.5
248,11211,2.0,2950.0,2972.5,2947.5,2975.0,2900.0,2800.0,2861.5,3008.0,2895.0,2799.5,2875.0,3150.0,3200.0,3350.0,3450.0,3525.0,3500.0,3481.5,3600.0,3575.0,3450.0,3462.5,3350.0,3229.0,3150.0,3000.0,2975.0,2800.0,2700.0
249,11211,3.0,3700.0,3779.0,3749.5,3693.0,3628.5,3500.0,3403.0,3599.5,3650.0,3750.0,4025.0,4172.5,4100.5,4125.0,4162.5,4295.0,4193.5,4161.0,4300.0,4797.5,4575.0,4083.5,4097.5,3897.5,3756.0,3730.5,3594.0,3468.5,3258.0
250,11212,2.0,1800.0,1800.0,1813.0,1813.0,1850.0,1850.0,1850.0,1863.0,1950.0,1900.0,1899.0,1925.0,1913.0,1850.0,1850.0,1898.0,1900.0,1825.0,1850.0,1925.0,1987.0,1900.0,1800.0,1800.0,1900.0,1928.0,2200.0,1850.0,1800.0
251,11212,3.0,2198.0,2300.0,2250.0,2200.0,2299.0,2275.0,2240.0,2300.0,2300.0,2399.0,2399.0,2400.0,2495.0,2300.0,2400.0,2400.0,2300.0,2250.0,2475.0,2400.0,2400.0,2350.0,2500.0,2500.0,2400.0,2500.0,2699.0,2700.0,2364.0
252,11213,0.0,2340.0,2399.0,2339.0,2125.0,2304.0,2520.0,2298.0,2266.0,2250.0,2500.0,2525.0,2700.0,2677.0,2625.0,2498.0,3000.0,2573.0,2595.0,2595.0,2600.0,1950.0,2864.0,2675.0,2633.0,2584.0,2522.0,2493.0,2566.0,2325.0
253,11213,1.0,2400.0,2500.0,2600.0,2400.0,2500.0,2500.0,2400.0,2540.0,2650.0,2545.0,2500.0,2750.0,2600.0,2600.0,2900.0,2900.0,2625.0,2600.0,2625.0,2975.0,2990.0,3000.0,2800.0,2853.0,2600.0,2500.0,2575.0,2500.0,2400.0
254,11213,2.0,2900.0,2950.0,2895.0,2950.0,2800.0,2700.0,2773.0,2900.0,2790.0,2700.0,2750.0,3150.0,3200.0,3400.0,3500.0,3500.0,3200.0,3113.0,3200.0,3250.0,3350.0,3425.0,3200.0,3200.0,3200.0,3000.0,3000.0,2800.0,2650.0
255,11213,3.0,3650.0,3725.0,3749.0,3720.0,3658.0,3600.0,3500.0,3699.0,3700.0,3750.0,3850.0,3995.0,3800.0,3900.0,4125.0,3995.0,3800.0,3600.0,3800.0,5095.0,5000.0,4200.0,3995.0,3800.0,3600.0,3700.0,3590.0,3483.0,3199.0
256,11214,1.0,1606.5,1525.0,1512.5,1537.0,1543.5,1525.0,1606.5,1537.5,1549.5,1574.5,1573.5,1587.0,1562.5,1562.0,1674.0,1661.0,1575.5,1662.5,1669.0,1672.0,1712.5,1763.0,1600.0,1600.0,1624.5,1500.0,1590.0,1592.5,1598.5
257,11214,2.0,1900.0,1875.0,1875.0,1899.0,1890.0,1899.0,1975.0,1900.0,1900.0,2000.0,1950.0,1950.0,1900.0,1900.0,2100.0,1950.0,1975.0,1900.0,1950.0,1998.0,2050.0,2000.0,1986.0,1925.0,1900.0,1950.0,1850.0,1900.0,1932.0
258,11215,0.0,2197.0,2100.0,2100.0,2100.0,2100.0,2200.0,2195.0,2173.0,2200.0,2200.0,2300.0,2400.0,2350.0,2150.0,2288.0,2244.0,2200.0,2125.0,2195.0,2113.0,2395.0,2275.0,2275.0,2100.0,2200.0,2000.0,2100.0,2000.0,1863.0
259,11215,1.0,2349.0,2347.5,2312.5,2312.5,2416.0,2397.5,2449.5,2422.5,2445.0,2372.5,2445.0,2497.5,2497.5,2450.0,2535.0,2422.5,2449.0,2519.5,2562.5,2561.5,2536.5,2537.5,2507.5,2482.5,2445.0,2342.0,2351.5,2317.5,2275.0
260,11215,2.0,2933.0,2950.0,2947.5,3049.5,2987.5,3000.0,2850.0,3050.0,3062.5,3125.0,3075.0,3147.5,3154.0,3075.0,3125.0,3146.5,3200.0,2950.0,3131.5,3162.5,3112.5,3072.5,3289.5,3441.5,3178.0,3072.5,2997.5,2925.0,2887.5
261,11215,3.0,4950.0,4900.0,4267.0,4895.0,4448.0,4592.0,4200.0,4500.0,4295.0,4400.0,4300.0,4600.0,4900.0,4800.0,4387.0,4275.0,4375.0,4450.0,4599.0,4375.0,4600.0,4200.0,5000.0,4500.0,4600.0,4700.0,4500.0,4350.0,4025.0
262,11216,0.0,1719.0,1852.5,1873.5,1847.5,1860.0,1900.0,1899.5,1847.5,1850.0,1937.5,1861.5,1850.0,1822.5,1904.0,1899.5,1819.0,1820.0,1756.5,1789.5,1828.0,1915.0,1850.0,1806.5,1785.0,1824.5,1824.5,1799.5,1750.0,1698.5
263,11216,1.0,2122.0,2124.5,2099.5,2175.0,2172.5,2065.0,2112.5,2075.0,2075.0,2099.5,2149.5,2150.0,2149.5,2150.0,2187.5,2233.5,2195.0,2176.5,2162.0,2169.0,2199.5,2250.0,2222.5,2170.0,2131.5,2100.0,2075.0,2006.0,1950.0
264,11216,2.0,2418.5,2440.5,2450.0,2484.5,2447.5,2412.5,2445.0,2399.5,2384.5,2416.5,2422.5,2449.5,2447.5,2497.0,2522.0,2550.0,2587.0,2521.5,2468.0,2501.0,2500.0,2500.0,2493.5,2464.5,2445.5,2437.5,2400.0,2325.0,2275.0
265,11216,3.0,3010.0,3075.0,3072.5,3127.5,2968.5,2891.5,2799.5,2775.0,2797.0,2822.5,2850.0,2996.5,3000.0,2999.5,3087.5,3148.5,3100.0,3050.5,2999.5,2986.0,3020.0,3000.0,2996.5,2999.5,2953.5,2949.5,2899.5,2774.5,2650.0
266,11217,0.0,2212.3333333333335,2233.0,2296.3333333333335,2099.3333333333335,2168.0,2273.3333333333335,2272.6666666666665,2229.6666666666665,2233.3333333333335,2258.3333333333335,2300.0,2450.0,2509.0,2450.0,2417.6666666666665,2448.0,2291.0,2305.0,2329.0,2368.0,2213.3333333333335,2379.6666666666665,2450.0,2394.3333333333335,2328.0,2257.3333333333335,2247.6666666666665,2153.6666666666665,1996.0
267,11217,1.0,2533.0,2550.0,2641.6666666666665,2541.0,2579.3333333333335,2500.0,2508.3333333333335,2517.3333333333335,2608.3333333333335,2615.0,2608.3333333333335,2746.6666666666665,2716.6666666666665,2683.3333333333335,2799.3333333333335,2773.3333333333335,2675.0,2629.6666666666665,2666.6666666666665,2821.0,2721.6666666666665,2823.0,2665.0,2682.6666666666665,2566.6666666666665,2528.0,2535.0,2495.0,2433.3333333333335
268,11217,2.0,3290.3333333333335,3281.6666666666665,3263.3333333333335,3350.0,3283.3333333333335,3200.0,3097.0,3183.3333333333335,3096.6666666666665,3166.6666666666665,3208.3333333333335,3333.3333333333335,3304.3333333333335,3416.6666666666665,3491.6666666666665,3531.3333333333335,3433.3333333333335,3396.0,3404.3333333333335,3516.6666666666665,3516.0,3550.0,3440.0,3433.3333333333335,3321.6666666666665,3231.6666666666665,3206.6666666666665,3100.0,2883.3333333333335
269,11217,3.0,4525.0,4536.666666666667,4505.333333333333,4638.333333333333,4743.666666666667,4355.0,4066.6666666666665,5191.333333333333,5123.333333333333,5466.666666666667,4707.666666666667,4698.333333333333,4800.0,4733.0,4569.666666666667,4623.333333333333,4390.0,4641.0,5208.0,5449.0,5032.666666666667,4316.666666666667,4596.666666666667,4366.666666666667,4331.666666666667,4300.0,4196.666666666667,3944.3333333333335,3806.3333333333335
270,11218,1.0,1899.5,1910.0,1860.0,1825.0,1847.0,1922.5,1949.5,1945.0,1995.0,1947.5,1970.0,1962.5,1947.5,1900.0,1985.0,1925.0,1961.5,2069.0,2025.0,2049.0,2036.5,2056.25,2022.5,2016.5,1995.0,1931.0,1961.0,1925.0,1875.0
271,11218,2.0,2285.0,2349.5,2362.5,2374.5,2337.5,2397.5,2287.5,2397.5,2412.5,2500.0,2532.5,2570.0,2545.0,2450.0,2525.0,2549.0,2600.0,2312.5,2450.0,2412.5,2412.5,2422.5,2635.0,2684.0,2528.0,2437.5,2431.5,2375.0,2287.5
272,11219,0.0,2500.0,2500.0,2500.0,2481.0,2495.0,2498.0,2406.0,2500.0,2698.0,2567.0,2643.0,2695.0,2741.0,2728.0,2847.0,2866.0,2895.0,2895.0,2950.0,2983.0,2899.0,2832.0,2721.0,2600.0,2650.0,2613.0,2533.0,2475.0,2500.0
273,11219,1.0,2175.0,2185.0,2185.0,2125.0,2125.0,2150.0,2175.0,2172.5,2197.5,2275.0,2319.5,2262.0,2257.5,2299.5,2419.0,2449.5,2453.0,2459.0,2412.5,2437.5,2450.0,2418.75,2437.5,2381.5,2266.0,2266.5,2206.0,2150.0,2132.5
274,11219,2.0,2437.5,2447.0,2462.5,2425.0,2450.0,2397.5,2412.5,2505.5,2475.0,2399.5,2482.5,2547.5,2597.5,2650.0,2750.0,2825.0,2950.0,2937.5,2987.5,2950.0,2775.0,2750.0,2743.0,2571.5,2500.0,2462.5,2456.5,2350.0,2275.0
275,11219,3.0,3750.0,3833.0,3750.0,3666.0,3599.0,3400.0,3306.0,3500.0,3600.0,3750.0,4200.0,4350.0,4401.0,4350.0,4200.0,4595.0,4587.0,4722.0,4800.0,4500.0,4150.0,3967.0,4200.0,3995.0,3912.0,3761.0,3598.0,3454.0,3317.0
276,11220,1.0,1700.0,1713.0,1700.0,1719.0,1700.0,1700.0,1695.0,1650.0,1650.0,1650.0,1700.0,1700.0,1750.0,1750.0,1700.0,1697.0,1800.0,1700.0,1725.0,1773.0,1795.0,1800.0,1695.0,1650.0,1750.0,1800.0,1800.0,1750.0,1700.0
277,11220,2.0,2200.0,2200.0,2000.0,1985.0,1997.0,2000.0,2000.0,2099.0,2000.0,2000.0,2000.0,2099.0,2193.0,2200.0,2195.0,2199.0,2125.0,2100.0,2100.0,2199.0,2108.0,2100.0,2100.0,2100.0,2100.0,2100.0,2095.0,1950.0,1963.0
278,11220,3.0,2500.0,2500.0,2499.0,2499.0,2425.0,2413.0,2450.0,2398.0,2425.0,2350.0,2350.0,2525.0,2713.0,2500.0,2500.0,2445.0,2499.0,2500.0,2499.0,2500.0,2475.0,2600.0,2700.0,2550.0,2500.0,2450.0,2425.0,2399.0,2350.0
279,11221,0.0,1931.5,1984.5,2050.0,2004.0,2000.0,1997.0,1995.5,1982.0,1950.0,1921.0,2012.5,1964.0,1935.5,2039.0,2062.0,2043.5,2096.5,2019.0,2027.5,2068.0,2162.5,2049.5,2012.5,1969.5,1975.0,1925.0,1900.0,1862.5,1808.0
280,11221,1.0,2174.5,2163.5,2199.5,2224.5,2243.0,2179.0,2208.0,2253.5,2263.0,2300.5,2324.5,2367.5,2300.0,2300.0,2303.0,2395.5,2470.5,2347.5,2303.0,2450.0,2524.5,2480.0,2397.0,2320.0,2295.5,2245.5,2200.0,2123.5,2050.0
281,11221,2.0,2418.5,2473.0,2487.5,2477.5,2450.0,2435.0,2422.5,2399.0,2428.5,2464.5,2475.0,2499.5,2497.5,2497.5,2569.5,2600.0,2649.5,2595.0,2550.0,2612.0,2575.0,2550.0,2518.0,2496.0,2448.0,2437.5,2375.0,2296.0,2237.5
282,11221,3.0,2997.5,2997.5,2947.5,2946.0,2897.5,2796.0,2751.5,2788.5,2799.5,2847.5,2901.0,2997.0,3000.0,3074.5,3112.5,3181.0,3225.0,3175.5,3097.5,2986.0,3025.0,3000.0,3026.5,2999.5,2928.5,2873.5,2775.0,2725.0,2636.0
283,11222,0.0,2340.0,2399.0,2339.0,2125.0,2304.0,2520.0,2298.0,2266.0,2250.0,2500.0,2525.0,2700.0,2677.0,2625.0,2498.0,3000.0,2573.0,2595.0,2595.0,2600.0,1950.0,2864.0,2675.0,2633.0,2584.0,2522.0,2493.0,2566.0,2325.0
284,11222,1.0,2400.0,2500.0,2600.0,2400.0,2500.0,2500.0,2400.0,2540.0,2650.0,2545.0,2500.0,2750.0,2600.0,2600.0,2900.0,2900.0,2625.0,2600.0,2625.0,2975.0,2990.0,3000.0,2800.0,2853.0,2600.0,2500.0,2575.0,2500.0,2400.0
285,11222,2.0,2900.0,2950.0,2895.0,2950.0,2800.0,2700.0,2773.0,2900.0,2790.0,2700.0,2750.0,3150.0,3200.0,3400.0,3500.0,3500.0,3200.0,3113.0,3200.0,3250.0,3350.0,3425.0,3200.0,3200.0,3200.0,3000.0,3000.0,2800.0,2650.0
286,11222,3.0,3650.0,3725.0,3749.0,3720.0,3658.0,3600.0,3500.0,3699.0,3700.0,3750.0,3850.0,3995.0,3800.0,3900.0,4125.0,3995.0,3800.0,3600.0,3800.0,5095.0,5000.0,4200.0,3995.0,3800.0,3600.0,3700.0,3590.0,3483.0,3199.0
287,11223,0.0,1438.0,1400.0,1463.0,1425.0,1425.0,1388.0,1413.0,1399.0,1450.0,1435.0,1780.0,1849.0,1497.0,1575.0,1600.0,1500.0,1475.0,1495.0,1425.0,1375.0,1400.0,1600.0,1625.0,1625.0,1495.0,1495.0,1563.0,1450.0,1450.0
288,11223,1.0,1625.0,1650.0,1675.0,1675.0,1675.0,1669.0,1650.0,1645.0,1656.5,1672.5,1692.5,1681.5,1697.0,1675.0,1693.5,1687.5,1710.0,1687.5,1722.5,1737.5,1775.0,1732.5,1769.0,1737.5,1749.5,1706.5,1725.0,1700.0,1691.5
289,11223,2.0,1920.0,1999.5,1997.5,2047.5,2000.0,2045.0,1975.0,2000.0,2046.5,2025.0,2100.0,2047.5,1999.5,2097.5,2062.5,2100.0,2047.5,2097.5,2139.0,2197.5,2172.5,2173.0,2275.5,2087.0,2035.0,2044.0,2112.5,2025.0,2012.5
290,11223,3.0,2382.5,2610.0,2629.0,2412.5,2400.0,2481.0,2431.5,2462.5,2527.5,2440.0,2475.0,2450.0,2450.0,2481.5,2587.5,2537.5,2512.5,2675.0,2585.5,2457.0,2436.0,2495.0,2700.0,2727.0,2548.75,2450.0,2450.0,2662.5,2539.5
291,11224,1.0,2025.0,2100.0,2100.0,2200.0,2088.0,2150.0,2150.0,2150.0,2200.0,2100.0,1900.0,2099.0,2250.0,2199.0,2175.0,2150.0,2410.0,2099.0,2558.0,2570.0,2570.0,2430.0,2250.0,2225.0,2250.0,2200.0,2200.0,2318.0,2154.0
292,11225,0.0,1661.0,1724.5,1761.0,1672.5,1697.5,1697.5,1737.5,1662.5,1700.0,1775.0,1717.5,1712.5,1772.5,1847.5,1825.0,1824.0,1870.5,1875.0,1874.5,1867.5,1819.5,1804.0,1744.0,1825.0,1761.0,1774.5,1747.0,1672.5,1617.0
293,11225,1.0,2022.5,2052.0,1997.5,2050.0,2050.0,1959.0,2012.5,1906.5,1900.0,1925.0,2012.5,2022.5,2031.0,2047.5,2048.5,2167.5,2047.0,2079.0,2048.5,2069.0,2100.0,2047.5,2040.0,2020.0,2006.5,1962.5,1925.0,1876.0,1847.5
294,11225,2.0,2400.0,2462.5,2400.0,2450.5,2385.0,2362.5,2385.0,2350.0,2369.0,2375.0,2397.0,2397.5,2449.5,2497.0,2530.0,2522.5,2612.5,2485.0,2493.0,2540.0,2500.0,2450.0,2429.0,2439.0,2422.5,2425.0,2400.0,2372.5,2287.0
295,11225,3.0,3075.0,3066.5,3050.0,3129.0,3120.5,3114.0,2997.5,2900.0,2847.5,2825.0,2850.0,2999.0,3000.0,3006.5,3072.5,3048.5,2997.5,2997.5,2997.0,3055.0,3139.0,2999.0,2999.0,3000.0,3000.0,2999.5,2967.0,2824.5,2725.0
296,11226,0.0,1558.5,1581.5,1717.5,1585.5,1587.5,1496.5,1537.5,1572.5,1595.0,1547.5,1587.0,1602.5,1666.0,1686.5,1616.5,1650.0,1656.5,1650.0,1648.5,1609.0,1597.5,1525.0,1600.0,1705.0,1699.5,1740.5,1700.0,1620.0,1570.0
297,11226,1.0,1809.5,1893.0,1819.0,1774.0,1750.0,1754.0,1772.5,1791.5,1797.5,1800.0,1774.5,1837.5,1850.0,1850.0,1824.0,2000.0,1987.5,1860.0,2084.0,1977.5,1981.5,2025.0,2055.5,1994.5,1937.0,1925.0,1894.0,1875.0,1887.5
298,11226,2.0,2150.0,2197.5,2195.0,2250.0,2200.0,2072.5,2175.0,2185.0,2197.5,2147.0,2175.0,2174.5,2250.0,2349.5,2300.0,2336.5,2405.0,2296.5,2300.0,2347.5,2251.0,2225.0,2324.5,2286.0,2338.5,2330.0,2256.5,2199.5,2199.5
299,11226,3.0,2597.5,2747.5,2825.0,2650.0,2631.5,2535.0,2511.5,2525.0,2612.5,2650.0,2685.5,2768.0,2775.0,2747.0,2750.0,2804.0,2767.5,2999.5,2997.5,2847.0,2714.5,2595.0,2650.0,2565.0,2597.5,2740.0,2725.0,2616.5,2525.0
300,11228,3.0,2400.0,2500.0,2500.0,2500.0,2500.0,2500.0,2500.0,2450.0,2550.0,2400.0,2400.0,2300.0,2375.0,2400.0,2400.0,2450.0,2428.0,2495.0,2495.0,2450.0,2400.0,2500.0,2450.0,2429.0,2400.0,2400.0,2400.0,2300.0,2323.0
301,11229,0.0,1500.0,1425.0,1399.0,1450.0,1450.0,1413.0,1450.0,1425.0,1500.0,1500.0,1495.0,1450.0,1400.0,1413.0,1495.0,1450.0,1450.0,1450.0,1373.0,1448.0,1430.0,1410.0,1700.0,1500.0,1611.0,1500.0,1500.0,1612.0,1590.0
302,11229,1.0,1650.0,1650.0,1650.0,1650.0,1650.0,1650.0,1700.0,1695.0,1699.0,1675.0,1697.0,1695.0,1700.0,1717.0,1750.0,1700.0,1695.0,1697.0,1683.0,1700.0,1700.0,1700.0,1775.0,1700.0,1750.0,1750.0,1770.0,1700.0,1700.0
303,11229,2.0,2050.0,2100.0,2100.0,2150.0,2000.0,2000.0,2000.0,1999.0,2198.0,2199.0,2154.0,2195.0,2154.0,2250.0,2100.0,2175.0,2125.0,2100.0,2260.0,2277.0,2143.0,2400.0,3545.0,2450.0,2295.0,2208.0,2229.0,2200.0,2300.0
304,11229,3.0,2450.0,2800.0,2700.0,2575.0,2500.0,2500.0,2500.0,2500.0,2600.0,2625.0,2549.0,2548.0,2523.0,2600.0,2548.0,2500.0,2500.0,2800.0,2600.0,2495.0,2600.0,2500.0,2500.0,2650.0,2795.0,2800.0,3000.0,2804.0,3300.0
305,11230,0.0,1469.0,1437.5,1531.5,1512.0,1476.5,1481.5,1531.0,1524.5,1512.5,1504.0,1677.5,1773.0,1610.0,1575.0,1575.0,1586.5,1537.5,1446.5,1512.0,1587.5,1575.0,1629.0,1628.25,1662.5,1579.0,1547.5,1581.5,1525.0,1500.0
306,11230,1.0,1700.0,1712.5,1700.0,1700.0,1700.0,1694.0,1725.0,1744.0,1750.0,1750.0,1744.0,1775.0,1860.0,1725.0,1817.0,1725.0,1756.5,1775.0,1781.5,1912.5,1850.0,1851.0,1825.0,1837.5,1797.5,1772.5,1775.0,1737.5,1700.0
307,11230,2.0,2099.5,2237.5,2250.0,2199.5,2125.0,2135.0,2168.5,2218.5,2222.5,2137.5,2274.5,2250.0,2209.0,2247.5,2162.5,2275.0,2225.0,2275.0,2331.5,2375.0,2400.0,2436.5,2482.0,2337.5,2324.5,2275.0,2251.5,2175.0,2160.0
308,11230,3.0,2507.5,2683.5,2655.0,2612.5,2587.5,2649.5,2599.5,2549.5,2525.0,2406.0,2536.5,2748.5,2587.5,2631.0,2762.0,2712.0,2687.5,2850.0,2883.0,2760.0,2747.5,2670.0,3075.0,2997.5,2850.0,2741.0,2699.5,2875.0,2802.0
309,11231,1.0,2640.0,2600.0,2598.0,2500.0,2550.0,2600.0,2650.0,2500.0,2500.0,2500.0,2600.0,2600.0,2550.0,2753.0,2700.0,2800.0,2800.0,2850.0,2888.0,2800.0,2838.0,2700.0,2700.0,2585.0,2525.0,2500.0,2493.0,2400.0,2350.0
310,11231,2.0,3300.0,3250.0,3500.0,3400.0,3375.0,3500.0,3425.0,3400.0,3450.0,3400.0,3800.0,3900.0,3900.0,3750.0,4000.0,3995.0,3901.0,3950.0,3775.0,4000.0,4098.0,4000.0,4000.0,3606.0,3547.0,3500.0,3500.0,3250.0,3225.0
311,11231,3.0,4700.0,4750.0,4200.0,4125.0,3895.0,4600.0,4695.0,4600.0,4500.0,4575.0,6650.0,5560.0,5525.0,5300.0,5495.0,5445.0,4840.0,4699.0,4600.0,5995.0,5999.0,5999.0,6250.0,5445.0,5000.0,4850.0,4250.0,4150.0,4150.0
312,11232,0.0,2531.0,2825.0,2850.0,2674.0,3000.0,2990.0,2349.0,2825.0,2298.0,2450.0,2499.0,2600.0,2650.0,2675.0,2699.0,2275.0,1800.0,1850.0,2500.0,2812.5,3000.0,3000.0,3000.0,3000.0,2700.0,2500.0,2500.0,2300.0,2150.0
313,11232,1.0,2085.0,1906.5,1900.0,1959.0,1900.0,1900.0,1847.0,1821.5,1800.0,1800.0,1800.0,1900.0,1875.0,1875.0,1925.0,1898.5,2000.0,1912.5,1737.5,1886.5,1897.5,2125.0,1997.5,2000.0,2049.5,2000.0,1875.0,1843.5,1825.0
314,11232,2.0,2550.0,2425.0,2500.0,2220.0,2198.5,2197.5,2100.0,2149.0,2175.0,2175.0,2175.0,2297.0,2321.5,2300.0,2322.5,2337.0,2312.5,2300.0,2349.5,2349.5,2304.0,2300.0,2275.0,2262.5,2225.0,2245.0,2235.0,2075.0,2081.5
315,11232,3.0,3065.5,2949.5,2949.5,2749.5,2602.5,2644.0,2575.0,2549.0,2625.0,2600.0,2600.0,2662.5,2756.5,2750.0,2747.5,2672.5,2824.5,2562.5,2847.0,3112.5,3387.0,3350.0,3350.0,3362.5,2975.0,2661.5,2575.0,2562.0,2524.5
316,11233,0.0,1713.0,1906.0,1950.0,1995.0,1970.0,2000.0,1999.0,1920.0,1800.0,1925.0,1925.0,1850.0,1795.0,1813.0,1899.0,1788.0,1894.0,1763.0,1780.0,1861.0,2025.0,1800.0,1775.0,1770.0,1850.0,1850.0,1800.0,1750.0,1700.0
317,11233,1.0,2149.0,2145.0,2199.0,2200.0,2195.0,2150.0,2150.0,2150.0,2150.0,2199.0,2199.0,2250.0,2200.0,2200.0,2275.0,2292.0,2291.0,2245.0,2224.0,2200.0,2299.0,2300.0,2295.0,2240.0,2200.0,2200.0,2150.0,2060.0,2000.0
318,11233,2.0,2437.0,2456.0,2500.0,2520.0,2500.0,2475.0,2495.0,2399.0,2399.0,2483.0,2450.0,2499.0,2495.0,2495.0,2544.0,2550.0,2599.0,2595.0,2500.0,2520.0,2500.0,2500.0,2537.0,2500.0,2496.0,2475.0,2400.0,2300.0,2275.0
319,11233,3.0,2995.0,3000.0,2995.0,2997.0,2995.0,2800.0,2799.0,2800.0,2799.0,2845.0,2850.0,2995.0,3000.0,2999.0,3025.0,3200.0,3200.0,3101.0,3000.0,2972.0,3000.0,3000.0,2995.0,2999.0,2907.0,2899.0,2800.0,2750.0,2650.0
320,11234,1.0,1625.0,1675.0,1750.0,1750.0,1700.0,1676.0,1650.0,1650.0,1750.0,1800.0,1725.0,1655.0,1700.0,1793.0,1799.0,1795.0,1785.0,1738.0,1799.0,1799.0,1800.0,1889.0,1950.0,1945.0,1900.0,1898.0,1850.0,1800.0,1800.0
321,11234,2.0,2000.0,2038.0,2125.0,2175.0,2050.0,2000.0,2100.0,2195.0,2000.0,2200.0,2199.0,2113.0,2100.0,2100.0,2050.0,2200.0,2100.0,2150.0,2200.0,2200.0,2200.0,2200.0,2195.0,2225.0,2200.0,2195.0,2195.0,2198.0,2100.0
322,11234,3.0,2500.0,2500.0,2600.0,2650.0,2697.0,2597.0,2499.0,2500.0,2500.0,2500.0,2795.0,2500.0,2500.0,2600.0,2600.0,2574.0,2550.0,2600.0,2750.0,2675.0,2625.0,2713.0,2700.0,2600.0,2695.0,2650.0,2699.0,2700.0,2700.0
323,11235,0.0,1500.0,1425.0,1399.0,1450.0,1450.0,1413.0,1450.0,1425.0,1500.0,1500.0,1495.0,1450.0,1400.0,1413.0,1495.0,1450.0,1450.0,1450.0,1373.0,1448.0,1430.0,1410.0,1700.0,1500.0,1611.0,1500.0,1500.0,1612.0,1590.0
324,11235,1.0,1775.0,1775.0,1775.0,1700.0,1700.0,1700.0,1725.0,1791.5,1824.5,1762.5,1727.5,1754.0,1824.0,1840.0,1837.5,1822.5,1802.5,1796.5,1789.0,1773.5,1797.5,1800.0,1812.5,1737.5,1762.5,1775.0,1882.5,1831.5,1775.0
325,11235,2.0,2249.0,2325.0,2225.0,2311.5,2248.5,2246.5,2200.0,2199.5,2293.0,2274.5,2222.5,2197.5,2252.0,2272.5,2226.5,2275.5,2250.0,2187.5,2299.0,2313.5,2221.5,2400.0,2872.0,2324.5,2222.5,2204.0,2339.5,2275.0,2287.5
326,11235,3.0,2450.0,2800.0,2700.0,2575.0,2500.0,2500.0,2500.0,2500.0,2600.0,2625.0,2549.0,2548.0,2523.0,2600.0,2548.0,2500.0,2500.0,2800.0,2600.0,2495.0,2600.0,2500.0,2500.0,2650.0,2795.0,2800.0,3000.0,2804.0,3300.0
327,11237,0.0,2150.0,2063.0,2150.0,2013.0,2030.0,1994.0,1992.0,2044.0,2100.0,1917.0,2100.0,2078.0,2076.0,2265.0,2225.0,2299.0,2299.0,2275.0,2275.0,2275.0,2300.0,2299.0,2250.0,2169.0,2100.0,2000.0,2000.0,1975.0,1916.0
328,11237,1.0,2200.0,2182.0,2200.0,2249.0,2291.0,2208.0,2266.0,2357.0,2376.0,2402.0,2450.0,2485.0,2400.0,2400.0,2331.0,2499.0,2650.0,2450.0,2382.0,2700.0,2750.0,2660.0,2499.0,2400.0,2391.0,2291.0,2250.0,2187.0,2100.0
329,11237,2.0,2400.0,2490.0,2475.0,2435.0,2400.0,2395.0,2350.0,2399.0,2458.0,2446.0,2500.0,2500.0,2500.0,2500.0,2595.0,2650.0,2700.0,2595.0,2600.0,2704.0,2650.0,2600.0,2499.0,2492.0,2400.0,2400.0,2350.0,2292.0,2200.0
330,11237,3.0,3000.0,2995.0,2900.0,2895.0,2800.0,2792.0,2704.0,2777.0,2800.0,2850.0,2952.0,2999.0,3000.0,3150.0,3200.0,3162.0,3250.0,3250.0,3195.0,3000.0,3050.0,3000.0,3058.0,3000.0,2950.0,2848.0,2750.0,2700.0,2622.0
331,11238,0.0,2475.0,2432.0,2450.0,1850.0,2075.0,2434.0,2471.0,2298.0,2348.0,2350.0,2250.0,2400.0,2470.0,2445.0,2630.0,2545.0,2446.0,2475.0,2539.0,2550.0,2430.0,2500.0,2500.0,2395.0,2250.0,2225.0,2100.0,2000.0,1900.0
332,11238,1.0,2650.0,2672.0,2500.0,2475.0,2441.0,2450.0,2500.0,2550.0,2550.0,2500.0,2600.0,2550.0,2700.0,2700.0,2590.0,2650.0,2700.0,2500.0,2650.0,2709.0,2750.0,2750.0,2725.0,2700.0,2700.0,2660.0,2685.0,2500.0,2495.0
333,11238,2.0,3184.0,3200.0,3300.0,3300.0,3223.0,3203.0,3223.0,3200.0,2875.0,3200.0,3350.0,3200.0,3250.0,3195.0,3300.0,3728.0,3500.0,3500.0,3600.0,3750.0,3399.0,3100.0,3498.0,3200.0,3180.0,3100.0,3050.0,2965.0,2995.0
334,11238,3.0,3930.0,3995.0,4200.0,3925.0,3900.0,4175.0,4150.0,3850.0,3848.0,4050.0,3992.0,4202.0,4077.0,5199.0,4750.0,4750.0,4550.0,4495.0,4195.0,4105.0,4105.0,5825.0,4500.0,4473.0,3800.0,3800.0,3529.0,3481.0,3200.0
335,11239,1.0,1600.0,1650.0,1673.0,1666.0,1600.0,1650.0,1662.5,1650.0,1600.0,1600.0,1695.0,1695.0,1699.0,1695.0,1700.0,1748.0,1700.0,2050.0,1995.0,1999.0,1825.0,1750.0,1737.5,1837.5,1761.5,1699.0,1749.0,1650.0,1650.0
336,11239,2.0,1925.0,1900.0,1900.0,1965.0,1900.0,1863.0,1913.0,1950.0,1975.0,2000.0,2000.0,1913.0,1945.0,2000.0,2000.0,2000.0,2000.0,2050.0,2100.0,2199.0,2100.0,2000.0,2025.0,2000.0,1999.0,2000.0,2000.0,1950.0,1950.0
337,11239,3.0,2300.0,2300.0,2400.0,2350.0,2350.0,2273.0,2225.0,2300.0,2300.0,2400.0,2350.0,2300.0,2300.0,2300.0,2300.0,2325.0,2400.0,2400.0,2400.0,2400.0,2400.0,2400.0,2500.0,2500.0,2400.0,2400.0,2397.0,2399.0,2350.0
338,11354,0.0,1475.0,1513.0,1625.0,1548.0,1523.0,1573.0,1585.0,1575.0,1595.0,1575.0,1595.0,1600.0,1732.0,1718.0,1617.0,1604.0,1605.0,1600.0,1599.0,1600.0,1550.0,1475.0,1563.0,1600.0,1650.0,1595.0,1598.0,1575.0,1571.0
339,11354,1.0,1788.0,1765.0,1750.0,1746.0,1700.0,1725.0,1750.0,1750.0,1775.0,1750.0,1800.0,1799.0,1800.0,1828.0,1800.0,1800.0,1800.0,1800.0,1750.0,1750.0,1797.0,1800.0,1800.0,1785.0,1800.0,1800.0,1800.0,1813.0,1750.0
340,11354,2.0,2297.0,2313.0,2398.0,2150.0,2208.0,2200.0,2300.0,2300.0,2250.0,2210.0,2210.0,2250.0,2250.0,2213.0,2300.0,2250.0,2200.0,2200.0,2150.0,2223.0,2299.0,2300.0,2100.0,2200.0,2400.0,2250.0,2198.0,2125.0,2100.0
341,11354,3.0,2800.0,2470.0,2588.0,2550.0,2450.0,2500.0,2300.0,2400.0,2519.0,2590.0,2590.0,2725.0,2670.0,2800.0,2750.0,2700.0,2700.0,2645.0,2590.0,2600.0,2500.0,2498.0,2562.0,2412.0,2500.0,2550.0,2550.0,2750.0,2600.0
342,11355,0.0,1475.0,1513.0,1625.0,1548.0,1523.0,1573.0,1585.0,1575.0,1595.0,1575.0,1595.0,1600.0,1732.0,1718.0,1617.0,1604.0,1605.0,1600.0,1599.0,1600.0,1550.0,1475.0,1563.0,1600.0,1650.0,1595.0,1598.0,1575.0,1571.0
343,11355,1.0,1788.0,1765.0,1750.0,1746.0,1700.0,1725.0,1750.0,1750.0,1775.0,1750.0,1800.0,1799.0,1800.0,1828.0,1800.0,1800.0,1800.0,1800.0,1750.0,1750.0,1797.0,1800.0,1800.0,1785.0,1800.0,1800.0,1800.0,1813.0,1750.0
344,11355,2.0,2297.0,2313.0,2398.0,2150.0,2208.0,2200.0,2300.0,2300.0,2250.0,2210.0,2210.0,2250.0,2250.0,2213.0,2300.0,2250.0,2200.0,2200.0,2150.0,2223.0,2299.0,2300.0,2100.0,2200.0,2400.0,2250.0,2198.0,2125.0,2100.0
345,11355,3.0,2800.0,2470.0,2588.0,2550.0,2450.0,2500.0,2300.0,2400.0,2519.0,2590.0,2590.0,2725.0,2670.0,2800.0,2750.0,2700.0,2700.0,2645.0,2590.0,2600.0,2500.0,2498.0,2562.0,2412.0,2500.0,2550.0,2550.0,2750.0,2600.0
346,11358,0.0,1475.0,1513.0,1625.0,1548.0,1523.0,1573.0,1585.0,1575.0,1595.0,1575.0,1595.0,1600.0,1732.0,1718.0,1617.0,1604.0,1605.0,1600.0,1599.0,1600.0,1550.0,1475.0,1563.0,1600.0,1650.0,1595.0,1598.0,1575.0,1571.0
347,11358,1.0,1788.0,1765.0,1750.0,1746.0,1700.0,1725.0,1750.0,1750.0,1775.0,1750.0,1800.0,1799.0,1800.0,1828.0,1800.0,1800.0,1800.0,1800.0,1750.0,1750.0,1797.0,1800.0,1800.0,1785.0,1800.0,1800.0,1800.0,1813.0,1750.0
348,11358,2.0,2297.0,2313.0,2398.0,2150.0,2208.0,2200.0,2300.0,2300.0,2250.0,2210.0,2210.0,2250.0,2250.0,2213.0,2300.0,2250.0,2200.0,2200.0,2150.0,2223.0,2299.0,2300.0,2100.0,2200.0,2400.0,2250.0,2198.0,2125.0,2100.0
349,11358,3.0,2800.0,2470.0,2588.0,2550.0,2450.0,2500.0,2300.0,2400.0,2519.0,2590.0,2590.0,2725.0,2670.0,2800.0,2750.0,2700.0,2700.0,2645.0,2590.0,2600.0,2500.0,2498.0,2562.0,2412.0,2500.0,2550.0,2550.0,2750.0,2600.0
350,11360,2.0,2250.0,2200.0,2400.0,2275.0,2208.0,2300.0,2075.0,2150.0,2400.0,2250.0,2150.0,2250.0,2150.0,2145.0,2200.0,2175.0,2150.0,2150.0,2175.0,2200.0,2200.0,2225.0,2100.0,2300.0,2300.0,2300.0,2250.0,2165.0,2155.0
351,11361,2.0,2250.0,2200.0,2400.0,2275.0,2208.0,2300.0,2075.0,2150.0,2400.0,2250.0,2150.0,2250.0,2150.0,2145.0,2200.0,2175.0,2150.0,2150.0,2175.0,2200.0,2200.0,2225.0,2100.0,2300.0,2300.0,2300.0,2250.0,2165.0,2155.0
352,11364,2.0,2250.0,2200.0,2400.0,2275.0,2208.0,2300.0,2075.0,2150.0,2400.0,2250.0,2150.0,2250.0,2150.0,2145.0,2200.0,2175.0,2150.0,2150.0,2175.0,2200.0,2200.0,2225.0,2100.0,2300.0,2300.0,2300.0,2250.0,2165.0,2155.0
353,11369,0.0,1510.0,1600.0,1583.0,1600.0,1625.0,1570.0,1595.0,1495.0,1500.0,1538.0,1600.0,1600.0,1650.0,1588.0,1513.0,1600.0,1650.0,1588.0,1650.0,1673.0,1650.0,1691.0,1650.0,1600.0,1610.0,1625.0,1600.0,1598.0,1600.0
354,11369,1.0,1800.0,1825.0,1798.0,1775.0,1775.0,1750.0,1750.0,1742.0,1750.0,1775.0,1750.0,1800.0,1856.0,1900.0,1835.0,1900.0,1850.0,1900.0,1900.0,1800.0,1950.0,1848.0,1900.0,1800.0,1800.0,1800.0,1858.0,1785.0,1800.0
355,11369,2.0,2198.0,2350.0,2324.0,2348.0,2300.0,2295.0,2100.0,2200.0,2150.0,2200.0,2300.0,2200.0,2200.0,2224.0,2325.0,2300.0,2373.0,2300.0,2387.0,2300.0,2475.0,2475.0,2600.0,2300.0,2300.0,2287.0,2295.0,2295.0,2275.0
356,11369,3.0,2650.0,2600.0,2550.0,2400.0,2450.0,2395.0,2700.0,2650.0,2600.0,2600.0,2600.0,2700.0,2775.0,2700.0,2695.0,2550.0,2600.0,2595.0,2695.0,2695.0,2970.0,3000.0,3575.0,2700.0,2700.0,2600.0,2600.0,2600.0,2648.0
357,11370,0.0,1510.0,1600.0,1583.0,1600.0,1625.0,1570.0,1595.0,1495.0,1500.0,1538.0,1600.0,1600.0,1650.0,1588.0,1513.0,1600.0,1650.0,1588.0,1650.0,1673.0,1650.0,1691.0,1650.0,1600.0,1610.0,1625.0,1600.0,1598.0,1600.0
358,11370,1.0,1800.0,1825.0,1798.0,1775.0,1775.0,1750.0,1750.0,1742.0,1750.0,1775.0,1750.0,1800.0,1856.0,1900.0,1835.0,1900.0,1850.0,1900.0,1900.0,1800.0,1950.0,1848.0,1900.0,1800.0,1800.0,1800.0,1858.0,1785.0,1800.0
359,11370,2.0,2198.0,2350.0,2324.0,2348.0,2300.0,2295.0,2100.0,2200.0,2150.0,2200.0,2300.0,2200.0,2200.0,2224.0,2325.0,2300.0,2373.0,2300.0,2387.0,2300.0,2475.0,2475.0,2600.0,2300.0,2300.0,2287.0,2295.0,2295.0,2275.0
360,11370,3.0,2650.0,2600.0,2550.0,2400.0,2450.0,2395.0,2700.0,2650.0,2600.0,2600.0,2600.0,2700.0,2775.0,2700.0,2695.0,2550.0,2600.0,2595.0,2695.0,2695.0,2970.0,3000.0,3575.0,2700.0,2700.0,2600.0,2600.0,2600.0,2648.0
361,11372,0.0,1510.0,1600.0,1583.0,1600.0,1625.0,1570.0,1595.0,1495.0,1500.0,1538.0,1600.0,1600.0,1650.0,1588.0,1513.0,1600.0,1650.0,1588.0,1650.0,1673.0,1650.0,1691.0,1650.0,1600.0,1610.0,1625.0,1600.0,1598.0,1600.0
362,11372,1.0,1800.0,1825.0,1798.0,1775.0,1775.0,1750.0,1750.0,1742.0,1750.0,1775.0,1750.0,1800.0,1856.0,1900.0,1835.0,1900.0,1850.0,1900.0,1900.0,1800.0,1950.0,1848.0,1900.0,1800.0,1800.0,1800.0,1858.0,1785.0,1800.0
363,11372,2.0,2198.0,2350.0,2324.0,2348.0,2300.0,2295.0,2100.0,2200.0,2150.0,2200.0,2300.0,2200.0,2200.0,2224.0,2325.0,2300.0,2373.0,2300.0,2387.0,2300.0,2475.0,2475.0,2600.0,2300.0,2300.0,2287.0,2295.0,2295.0,2275.0
364,11372,3.0,2650.0,2600.0,2550.0,2400.0,2450.0,2395.0,2700.0,2650.0,2600.0,2600.0,2600.0,2700.0,2775.0,2700.0,2695.0,2550.0,2600.0,2595.0,2695.0,2695.0,2970.0,3000.0,3575.0,2700.0,2700.0,2600.0,2600.0,2600.0,2648.0
365,11373,0.0,1470.0,1512.0,1575.0,1550.0,1525.0,1525.0,1500.0,1498.0,1499.0,1567.0,1575.0,1525.0,1675.0,1530.0,1650.0,1627.0,1639.0,1700.0,1595.0,1600.0,1600.0,1475.0,1563.0,1550.0,1575.0,1558.0,1610.0,1550.0,1550.0
366,11373,1.0,1750.0,1773.0,1863.0,1850.0,1825.0,1800.0,1838.0,1820.0,1775.0,1745.0,1900.0,1850.0,1912.0,1863.0,1835.0,1850.0,1900.0,1900.0,1850.0,1850.0,1850.0,1900.0,1975.0,2025.0,1950.0,1895.0,1841.0,1846.0,1750.0
367,11373,2.0,2000.0,2154.0,2150.0,2300.0,2130.0,2075.0,2100.0,2100.0,2050.0,2143.0,2164.0,2223.0,2200.0,2250.0,2461.0,2522.0,2444.0,2100.0,2100.0,2300.0,2473.0,2312.5,2425.0,2350.0,2350.0,2422.0,2415.0,2450.0,2500.0
368,11373,3.0,2625.0,2775.0,2775.0,2739.0,2700.0,2500.0,2775.0,2725.0,2725.0,2511.0,2850.0,2700.0,2800.0,2700.0,2700.0,2700.0,2800.0,2600.0,2700.0,2800.0,2800.0,2800.0,2725.0,2800.0,2500.0,2650.0,2700.0,2475.0,2498.0
369,11374,0.0,1563.0,1625.0,1650.0,1622.0,1611.0,1600.0,1600.0,1622.0,1563.0,1545.0,1588.0,1576.0,1625.0,1738.0,1667.0,1650.0,1640.0,1650.0,1644.0,1731.0,1695.0,1675.0,1650.0,1650.0,1650.0,1613.0,1625.0,1650.0,1600.0
370,11374,1.0,1850.0,1850.0,1900.0,1873.0,1880.0,1850.0,1850.0,1825.0,1850.0,1890.0,1875.0,1850.0,1899.0,1999.0,1989.0,1931.0,1900.0,1921.0,1900.0,1865.0,1866.0,1950.0,1945.0,1950.0,1935.0,1850.0,1850.0,1850.0,1850.0
371,11374,2.0,2300.0,2350.0,2390.0,2400.0,2450.0,2300.0,2350.0,2400.0,2475.0,2495.0,2495.0,2400.0,2436.0,2438.0,2500.0,2450.0,2400.0,2350.0,2333.0,2350.0,2400.0,2400.0,2400.0,2350.0,2375.0,2473.0,2500.0,2350.0,2300.0
372,11374,3.0,3248.0,3150.0,3175.0,3032.0,3055.0,3055.0,3079.0,3063.0,3000.0,3000.0,3000.0,3335.0,3050.0,2875.0,3205.0,3250.0,3700.0,2935.0,3020.0,3020.0,3192.0,3199.0,3156.0,2500.0,2800.0,3200.0,3056.0,3062.0,3048.0
373,11375,0.0,1600.0,1600.0,1600.0,1575.0,1550.0,1575.0,1575.0,1600.0,1595.0,1600.0,1650.0,1650.0,1650.0,1650.0,1625.0,1650.0,1625.0,1619.0,1613.0,1650.0,1663.0,1625.0,1613.0,1600.0,1625.0,1641.0,1625.0,1575.0,1580.0
374,11375,1.0,1900.0,1875.0,1900.0,1895.0,1875.0,1899.0,1895.0,1897.0,1875.0,1900.0,1925.0,1950.0,1900.0,1975.0,2000.0,1999.0,1998.0,2000.0,1978.0,2000.0,1968.0,1997.0,1972.0,1950.0,1950.0,1900.0,1925.0,1925.0,1925.0
375,11375,2.0,2497.0,2575.0,2500.0,2500.0,2425.0,2395.0,2400.0,2350.0,2300.0,2373.0,2400.0,2495.0,2550.0,2599.0,2600.0,2450.0,2400.0,2379.0,2375.0,2375.0,2400.0,2498.0,2413.0,2640.0,2600.0,2588.0,2600.0,2568.0,2500.0
376,11375,3.0,3285.0,3500.0,3500.0,3500.0,3500.0,3500.0,3500.0,3575.0,3500.0,3500.0,3500.0,3600.0,3650.0,3700.0,3800.0,3700.0,3650.0,3780.0,4300.0,3700.0,4000.0,4500.0,4450.0,3600.0,3420.0,3500.0,3300.0,3149.0,3300.0
377,11377,0.0,1520.0,1490.0,1500.0,1500.0,1595.0,1550.0,1500.0,1490.0,1500.0,1530.0,1538.0,1570.0,1575.0,1548.0,1600.0,1590.0,1565.0,1599.0,1547.5,1565.0,1550.0,1675.0,1650.0,1508.0,1500.0,1550.0,1543.0,1550.0,1497.0
378,11377,1.0,1790.0,1750.0,1775.0,1750.0,1790.0,1790.0,1700.0,1750.0,1783.0,1750.0,1750.0,1825.0,1825.0,1750.0,1800.0,1750.0,1795.0,1800.0,1800.0,1800.0,1863.0,1800.0,1793.0,1800.0,1793.0,1775.0,1775.0,1750.0,1725.0
379,11377,2.0,2150.0,2300.0,2250.0,2200.0,2100.0,2090.0,2050.0,2100.0,2075.0,2200.0,2200.0,2288.0,2300.0,2195.0,2200.0,2200.0,2500.0,2400.0,2500.0,2300.0,2200.0,2250.0,2399.0,2200.0,2300.0,2350.0,2150.0,2100.0,2150.0
380,11377,3.0,2800.0,2750.0,2850.0,2700.0,2600.0,2700.0,2550.0,2500.0,2850.0,2800.0,2750.0,2550.0,2700.0,2700.0,2850.0,2750.0,2700.0,2650.0,2692.0,3138.0,3000.0,2908.0,2895.0,2750.0,2885.0,2843.0,2780.0,2700.0,2650.0
381,11378,2.0,2000.0,1975.0,2025.0,1999.0,1950.0,1900.0,1900.0,1900.0,1900.0,2195.0,2000.0,2050.0,2095.0,2100.0,2094.0,2094.0,2000.0,2000.0,2000.0,1950.0,1995.0,2100.0,2100.0,2100.0,2295.0,2200.0,2100.0,2100.0,2100.0
382,11378,3.0,2600.0,2575.0,2450.0,2450.0,2500.0,2500.0,2500.0,2500.0,2500.0,2487.0,2400.0,2300.0,2499.0,2500.0,2500.0,2448.0,2300.0,2300.0,2350.0,2650.0,2650.0,2500.0,2495.0,2500.0,2500.0,2475.0,2574.0,2500.0,2550.0
383,11385,1.0,1900.0,1900.0,2050.0,2230.0,2000.0,1908.0,1875.0,1898.0,2000.0,1968.0,1950.0,1900.0,2000.0,1900.0,1999.0,1923.0,1875.0,1850.0,1800.0,1899.0,2075.0,2263.0,2079.0,1999.0,1999.0,1900.0,1855.0,1900.0,1825.0
384,11385,2.0,2290.0,2200.0,2250.0,2200.0,2195.0,2199.0,2150.0,2195.0,2199.0,2197.0,2295.0,2295.0,2395.0,2400.0,2300.0,2273.0,2300.0,2225.0,2200.0,2208.0,2450.0,2400.0,2395.0,2350.0,2300.0,2290.0,2199.0,2153.0,2100.0
385,11385,3.0,2750.0,2749.0,2795.0,2797.0,2800.0,2763.0,2795.0,2700.0,2700.0,2699.0,2800.0,2899.0,2895.0,2890.0,3025.0,3000.0,2875.0,2800.0,2899.0,2897.0,2975.0,3000.0,2850.0,2795.0,2750.0,2700.0,2650.0,2600.0,2583.0
386,11415,0.0,1475.0,1595.0,1500.0,1525.0,1475.0,1550.0,1550.0,1475.0,1495.0,1575.0,1525.0,1499.0,1556.5,1525.0,1550.0,1570.0,1530.0,1498.0,1500.0,1525.0,1525.0,1700.0,1650.0,1575.0,1550.0,1550.0,1550.0,1525.0,1500.0
387,11415,1.0,1795.0,1800.0,1763.0,1700.0,1700.0,1700.0,1710.0,1750.0,1800.0,1813.0,1856.0,1825.0,1850.0,1850.0,1850.0,1813.0,1810.0,1750.0,1750.0,1801.0,1888.0,1825.0,1800.0,1800.0,1799.0,1800.0,1800.0,1775.0,1795.0
388,11415,2.0,2228.0,2250.0,2200.0,2100.0,2100.0,2200.0,2295.0,2225.0,2225.0,2250.0,2250.0,2400.0,2475.0,2273.0,2350.0,2350.0,2325.0,2300.0,2325.0,2323.0,2350.0,2301.0,2300.0,2293.0,2200.0,2325.0,2290.0,2250.0,2300.0
389,11415,3.0,2657.0,2825.0,2700.0,2650.0,2623.0,2591.0,2650.0,2800.0,2800.0,2867.0,2805.0,2917.0,2950.0,2850.0,2825.0,2750.0,2625.0,2500.0,2501.0,2795.0,2500.0,2650.0,2725.0,2800.0,2750.0,2625.0,2925.0,2500.0,2500.0
390,11691,1.0,1599.0,1650.0,1600.0,1650.0,1600.0,1670.0,1695.0,1700.0,1695.0,1650.0,1650.0,1625.0,1621.0,1638.0,1625.0,1650.0,1600.0,1750.0,1750.0,1600.0,1600.0,1663.0,1639.0,1639.0,1750.0,1603.0,1614.0,1626.0,1699.0
391,11691,2.0,2200.0,1925.0,1900.0,2000.0,2060.0,2100.0,2008.0,2113.0,1995.0,1948.0,1995.0,1999.0,2075.0,2099.0,2082.0,1975.0,2099.0,2030.0,2100.0,2137.0,2100.0,2200.0,2150.0,2175.0,1999.0,1999.0,2100.0,2125.0,2100.0
392,11691,3.0,2200.0,2300.0,2800.0,2800.0,2350.0,2299.0,2295.0,2297.0,2300.0,2313.0,2399.0,2399.0,2173.0,2399.0,2399.0,2399.0,2425.0,2450.0,2450.0,2475.0,2499.0,2499.0,2500.0,2400.0,3150.0,2500.0,2950.0,2695.0,2760.0
393,11692,1.0,1599.0,1650.0,1600.0,1650.0,1600.0,1670.0,1695.0,1700.0,1695.0,1650.0,1650.0,1625.0,1621.0,1638.0,1625.0,1650.0,1600.0,1750.0,1750.0,1600.0,1600.0,1663.0,1639.0,1639.0,1750.0,1603.0,1614.0,1626.0,1699.0
394,11692,2.0,2200.0,1925.0,1900.0,2000.0,2060.0,2100.0,2008.0,2113.0,1995.0,1948.0,1995.0,1999.0,2075.0,2099.0,2082.0,1975.0,2099.0,2030.0,2100.0,2137.0,2100.0,2200.0,2150.0,2175.0,1999.0,1999.0,2100.0,2125.0,2100.0
395,11692,3.0,2200.0,2300.0,2800.0,2800.0,2350.0,2299.0,2295.0,2297.0,2300.0,2313.0,2399.0,2399.0,2173.0,2399.0,2399.0,2399.0,2425.0,2450.0,2450.0,2475.0,2499.0,2499.0,2500.0,2400.0,3150.0,2500.0,2950.0,2695.0,2760.0
396,11693,1.0,1599.0,1650.0,1600.0,1650.0,1600.0,1670.0,1695.0,1700.0,1695.0,1650.0,1650.0,1625.0,1621.0,1638.0,1625.0,1650.0,1600.0,1750.0,1750.0,1600.0,1600.0,1663.0,1639.0,1639.0,1750.0,1603.0,1614.0,1626.0,1699.0
397,11693,2.0,2200.0,1925.0,1900.0,2000.0,2060.0,2100.0,2008.0,2113.0,1995.0,1948.0,1995.0,1999.0,2075.0,2099.0,2082.0,1975.0,2099.0,2030.0,2100.0,2137.0,2100.0,2200.0,2150.0,2175.0,1999.0,1999.0,2100.0,2125.0,2100.0
398,11693,3.0,2200.0,2300.0,2800.0,2800.0,2350.0,2299.0,2295.0,2297.0,2300.0,2313.0,2399.0,2399.0,2173.0,2399.0,2399.0,2399.0,2425.0,2450.0,2450.0,2475.0,2499.0,2499.0,2500.0,2400.0,3150.0,2500.0,2950.0,2695.0,2760.0
399,11694,1.0,1599.0,1650.0,1600.0,1650.0,1600.0,1670.0,1695.0,1700.0,1695.0,1650.0,1650.0,1625.0,1621.0,1638.0,1625.0,1650.0,1600.0,1750.0,1750.0,1600.0,1600.0,1663.0,1639.0,1639.0,1750.0,1603.0,1614.0,1626.0,1699.0
400,11694,2.0,2200.0,1925.0,1900.0,2000.0,2060.0,2100.0,2008.0,2113.0,1995.0,1948.0,1995.0,1999.0,2075.0,2099.0,2082.0,1975.0,2099.0,2030.0,2100.0,2137.0,2100.0,2200.0,2150.0,2175.0,1999.0,1999.0,2100.0,2125.0,2100.0
401,11694,3.0,2200.0,2300.0,2800.0,2800.0,2350.0,2299.0,2295.0,2297.0,2300.0,2313.0,2399.0,2399.0,2173.0,2399.0,2399.0,2399.0,2425.0,2450.0,2450.0,2475.0,2499.0,2499.0,2500.0,2400.0,3150.0,2500.0,2950.0,2695.0,2760.0
402,11697,1.0,1599.0,1650.0,1600.0,1650.0,1600.0,1670.0,1695.0,1700.0,1695.0,1650.0,1650.0,1625.0,1621.0,1638.0,1625.0,1650.0,1600.0,1750.0,1750.0,1600.0,1600.0,1663.0,1639.0,1639.0,1750.0,1603.0,1614.0,1626.0,1699.0
403,11697,2.0,2200.0,1925.0,1900.0,2000.0,2060.0,2100.0,2008.0,2113.0,1995.0,1948.0,1995.0,1999.0,2075.0,2099.0,2082.0,1975.0,2099.0,2030.0,2100.0,2137.0,2100.0,2200.0,2150.0,2175.0,1999.0,1999.0,2100.0,2125.0,2100.0
404,11697,3.0,2200.0,2300.0,2800.0,2800.0,2350.0,2299.0,2295.0,2297.0,2300.0,2313.0,2399.0,2399.0,2173.0,2399.0,2399.0,2399.0,2425.0,2450.0,2450.0,2475.0,2499.0,2499.0,2500.0,2400.0,3150.0,2500.0,2950.0,2695.0,2760.0
